2025-09-11 15:22:37,704 - INFO - Запуск обработки файла: /root/PDF_api/documents_pdf/case_for_tests/не правильно разделены страницы_RT35_9-16.pdf
2025-09-11 15:22:41,464 - INFO - Используется GPU: NVIDIA GeForce RTX 4090
2025-09-11 15:22:48,658 - INFO - Инициализация PdfCatalogSplitter для файла: /root/PDF_api/documents_pdf/case_for_tests/не правильно разделены страницы_RT35_9-16.pdf
2025-09-11 15:22:48,658 - INFO - Начало обработки PDF: 8 страниц всего
2025-09-11 15:22:48,658 - INFO - Обработка страницы 0
2025-09-11 15:22:48,658 - INFO - Вызов analyzer.classify_with_minicpm для страницы 0
2025-09-11 15:22:48,658 - INFO - [MiniCPM] Классификация страницы 0 начата
2025-09-11 15:22:48,672 - INFO - [MiniCPM] Извлечён код=D1130000414_100037Y, заголовок=6 Drivers cab
2025-09-11 15:22:49,196 - INFO - [MiniCPM] Регулярка нашла код, предварительный тип: drawing
2025-09-11 15:22:49,248 - INFO - [MiniCPM] Рендер страницы 0 в изображение завершён
2025-09-11 15:22:54,327 - INFO - [MiniCPM] MiniCPM вернул page_type=specification
2025-09-11 15:22:54,327 - INFO - Page 0: result from analyzer -> type=specification, code=D1130000414_100037Y, title=6 Drivers cab
2025-09-11 15:22:54,327 - INFO - Действие: add_specification (specification)
2025-09-11 15:22:54,588 - INFO - Ресурсы PdfCatalogSplitter закрыты
2025-09-11 15:36:53,698 - INFO - Запуск обработки файла: /root/PDF_api/documents_pdf/case_for_tests/не правильно разделены страницы_RT35_9-16.pdf
2025-09-11 15:36:57,513 - INFO - Используется GPU: NVIDIA GeForce RTX 4090
2025-09-11 15:37:05,310 - INFO - Инициализация PdfCatalogSplitter для файла: /root/PDF_api/documents_pdf/case_for_tests/не правильно разделены страницы_RT35_9-16.pdf
2025-09-11 15:37:05,311 - INFO - Начало обработки PDF: 8 страниц всего
2025-09-11 15:37:05,311 - INFO - Обработка страницы 0
2025-09-11 15:37:05,311 - INFO - Вызов analyzer.classify_with_minicpm для страницы 0
2025-09-11 15:37:05,311 - INFO - [MiniCPM] Классификация страницы 0 начата
2025-09-11 15:37:05,324 - INFO - [MiniCPM] Извлечён код=D1130000414_100037Y, заголовок=6 Drivers cab
2025-09-11 15:37:05,853 - INFO - [MiniCPM] Регулярка нашла код, предварительный тип: drawing
2025-09-11 15:37:05,906 - INFO - [MiniCPM] Рендер страницы 0 в изображение завершён
2025-09-11 15:37:11,035 - INFO - [MiniCPM] MiniCPM вернул page_type=specification
2025-09-11 15:37:11,036 - INFO - Page 0: result from analyzer -> type=specification, code=D1130000414_100037Y, title=6 Drivers cab
2025-09-11 15:37:11,036 - INFO - Действие: add_specification (specification)
2025-09-11 15:37:11,036 - INFO - Блок после add_specification: current_key=None, страницы=[]
2025-09-11 15:37:11,036 - INFO - Обработка страницы 1
2025-09-11 15:37:11,036 - INFO - Вызов analyzer.classify_with_minicpm для страницы 1
2025-09-11 15:37:11,036 - INFO - [MiniCPM] Классификация страницы 1 начата
2025-09-11 15:37:11,038 - INFO - [MiniCPM] Извлечён код=None, заголовок=None
2025-09-11 15:37:11,095 - INFO - [MiniCPM] Рендер страницы 1 для полного анализа
2025-09-11 15:37:12,583 - INFO - [MiniCPM] MiniCPM вернул: specification,null,ZOOMLION SPARE PARTS CATALOG FOR ROUGH TERRAIN CRANE CHAPTER I CRANE
2025-09-11 15:37:12,583 - INFO - [MiniCPM] Финальный результат: page_type=specification, code=None, title=ZOOMLION SPARE PARTS CATALOG FOR ROUGH TERRAIN CRANE CHAPTER I CRANE
2025-09-11 15:37:12,583 - INFO - Page 1: result from analyzer -> type=specification, code=None, title=ZOOMLION SPARE PARTS CATALOG FOR ROUGH TERRAIN CRANE CHAPTER I CRANE
2025-09-11 15:37:12,583 - INFO - Действие: add_specification (specification)
2025-09-11 15:37:12,584 - INFO - Блок после add_specification: current_key=None, страницы=[]
2025-09-11 15:37:12,584 - INFO - Обработка страницы 2
2025-09-11 15:37:12,584 - INFO - Вызов analyzer.classify_with_minicpm для страницы 2
2025-09-11 15:37:12,584 - INFO - [MiniCPM] Классификация страницы 2 начата
2025-09-11 15:37:12,691 - INFO - [MiniCPM] Извлечён код=D00755700000020000Y, заголовок=SPARE PARTS CATALOG FOR ROUGH TERRAIN CRANE

RT35-2 ROUGH TERRAIN CRANE
2025-09-11 15:37:19,660 - INFO - [MiniCPM] Регулярка нашла код, предварительный тип: drawing
2025-09-11 15:37:19,949 - INFO - [MiniCPM] Рендер страницы 2 в изображение завершён
2025-09-11 15:37:20,535 - INFO - [MiniCPM] MiniCPM вернул page_type=drawing_specification
2025-09-11 15:37:20,535 - INFO - Page 2: result from analyzer -> type=drawing_specification, code=D00755700000020000Y, title=SPARE PARTS CATALOG FOR ROUGH TERRAIN CRANE

RT35-2 ROUGH TERRAIN CRANE
2025-09-11 15:37:20,535 - INFO - Действие: start_new_block
2025-09-11 15:37:20,535 - INFO - Блок после start_new_block: current_key=D00755700000020000Y, страницы=[2]
2025-09-11 15:37:20,535 - INFO - Действие: add_specification (drawing_specification)
2025-09-11 15:37:20,646 - INFO - Блок после add_specification: current_key=D00755700000020000Y, страницы=[2]
2025-09-11 15:37:20,646 - INFO - Обработка страницы 3
2025-09-11 15:37:20,646 - INFO - Вызов analyzer.classify_with_minicpm для страницы 3
2025-09-11 15:37:20,646 - INFO - [MiniCPM] Классификация страницы 3 начата
2025-09-11 15:37:20,653 - INFO - [MiniCPM] Извлечён код=D00755700000020000Y, заголовок=SPARE PARTS CATALOG FOR ROUGH TERRAIN CRANE

RT35-2 ROUGH TERRAIN CRANE
2025-09-11 15:37:21,512 - INFO - [MiniCPM] Регулярка нашла код, предварительный тип: specification
2025-09-11 15:37:21,589 - INFO - [MiniCPM] Рендер страницы 3 в изображение завершён
2025-09-11 15:37:22,148 - INFO - [MiniCPM] MiniCPM вернул page_type=specification
2025-09-11 15:37:22,148 - INFO - Page 3: result from analyzer -> type=specification, code=D00755700000020000Y, title=SPARE PARTS CATALOG FOR ROUGH TERRAIN CRANE

RT35-2 ROUGH TERRAIN CRANE
2025-09-11 15:37:22,148 - INFO - Действие: add_specification (specification)
2025-09-11 15:37:22,157 - INFO - Блок после add_specification: current_key=D00755700000020000Y, страницы=[2, 3]
2025-09-11 15:37:22,158 - INFO - Обработка страницы 4
2025-09-11 15:37:22,158 - INFO - Вызов analyzer.classify_with_minicpm для страницы 4
2025-09-11 15:37:22,158 - INFO - [MiniCPM] Классификация страницы 4 начата
2025-09-11 15:37:22,232 - INFO - [MiniCPM] Извлечён код=D00755700000020000Y, заголовок=SPARE PARTS CATALOG FOR ROUGH TERRAIN CRANE

RT35-2 ROUGH TERRAIN CRANE
2025-09-11 15:37:28,824 - INFO - [MiniCPM] Регулярка нашла код, предварительный тип: drawing
2025-09-11 15:37:29,085 - INFO - [MiniCPM] Рендер страницы 4 в изображение завершён
2025-09-11 15:37:29,679 - INFO - [MiniCPM] MiniCPM вернул page_type=drawing_specification
2025-09-11 15:37:29,679 - INFO - Page 4: result from analyzer -> type=drawing_specification, code=D00755700000020000Y, title=SPARE PARTS CATALOG FOR ROUGH TERRAIN CRANE

RT35-2 ROUGH TERRAIN CRANE
2025-09-11 15:37:29,680 - INFO - Действие: start_new_block
2025-09-11 15:37:29,684 - INFO - Создан PDF: /root/PDF_api/documents_pdf/case_for_tests/D00755700000020000Y.pdf
2025-09-11 15:37:29,684 - INFO - Блок после start_new_block: current_key=SPARE PARTS CATALOG FOR ROUGH TERRAIN CRANE

RT35-2 ROUGH TERRAIN CRANE D00755700000020000Y, страницы=[4]
2025-09-11 15:37:29,684 - INFO - Действие: add_specification (drawing_specification)
2025-09-11 15:37:29,684 - INFO - Блок после add_specification: current_key=SPARE PARTS CATALOG FOR ROUGH TERRAIN CRANE

RT35-2 ROUGH TERRAIN CRANE D00755700000020000Y, страницы=[4]
2025-09-11 15:37:29,684 - INFO - Обработка страницы 5
2025-09-11 15:37:29,684 - INFO - Вызов analyzer.classify_with_minicpm для страницы 5
2025-09-11 15:37:29,684 - INFO - [MiniCPM] Классификация страницы 5 начата
2025-09-11 15:37:29,688 - INFO - [MiniCPM] Извлечён код=D00755700000020000Y, заголовок=SPARE PARTS CATALOG FOR ROUGH TERRAIN CRANE

RT35-2 ROUGH TERRAIN CRANE
2025-09-11 15:37:30,350 - INFO - [MiniCPM] Регулярка нашла код, предварительный тип: specification
2025-09-11 15:37:30,414 - INFO - [MiniCPM] Рендер страницы 5 в изображение завершён
2025-09-11 15:37:30,964 - INFO - [MiniCPM] MiniCPM вернул page_type=specification
2025-09-11 15:37:30,964 - INFO - Page 5: result from analyzer -> type=specification, code=D00755700000020000Y, title=SPARE PARTS CATALOG FOR ROUGH TERRAIN CRANE

RT35-2 ROUGH TERRAIN CRANE
2025-09-11 15:37:30,964 - INFO - Действие: add_specification (specification)
2025-09-11 15:37:30,965 - INFO - Блок после add_specification: current_key=SPARE PARTS CATALOG FOR ROUGH TERRAIN CRANE

RT35-2 ROUGH TERRAIN CRANE D00755700000020000Y, страницы=[4, 5]
2025-09-11 15:37:30,965 - INFO - Обработка страницы 6
2025-09-11 15:37:30,965 - INFO - Вызов analyzer.classify_with_minicpm для страницы 6
2025-09-11 15:37:30,965 - INFO - [MiniCPM] Классификация страницы 6 начата
2025-09-11 15:37:30,965 - INFO - [MiniCPM] Извлечён код=None, заголовок=None
2025-09-11 15:37:31,009 - INFO - [MiniCPM] Рендер страницы 6 для полного анализа
2025-09-11 15:37:31,609 - INFO - [MiniCPM] MiniCPM вернул: ignore,null,null
2025-09-11 15:37:31,609 - INFO - [MiniCPM] Финальный результат: page_type=ignore, code=None, title=None
2025-09-11 15:37:31,609 - INFO - Page 6: result from analyzer -> type=ignore, code=None, title=None
2025-09-11 15:37:31,609 - INFO - Page 6: ignored
2025-09-11 15:37:31,609 - INFO - Обработка страницы 7
2025-09-11 15:37:31,609 - INFO - Вызов analyzer.classify_with_minicpm для страницы 7
2025-09-11 15:37:31,609 - INFO - [MiniCPM] Классификация страницы 7 начата
2025-09-11 15:37:31,611 - INFO - [MiniCPM] Извлечён код=None, заголовок=None
2025-09-11 15:37:31,665 - INFO - [MiniCPM] Рендер страницы 7 для полного анализа
2025-09-11 15:37:33,239 - INFO - [MiniCPM] MiniCPM вернул: drawing_specification,ZOOMLION,SPARE PARTS CATALOG FOR ROUGH TERRAIN CRANE CHAPTER 2 BOOM SYSTEM
2025-09-11 15:37:33,239 - INFO - [MiniCPM] Финальный результат: page_type=drawing_specification, code=ZOOMLION, title=SPARE PARTS CATALOG FOR ROUGH TERRAIN CRANE CHAPTER 2 BOOM SYSTEM
2025-09-11 15:37:33,239 - INFO - Page 7: result from analyzer -> type=drawing_specification, code=ZOOMLION, title=SPARE PARTS CATALOG FOR ROUGH TERRAIN CRANE CHAPTER 2 BOOM SYSTEM
2025-09-11 15:37:33,239 - INFO - Действие: start_new_block
2025-09-11 15:37:33,242 - INFO - Создан PDF: /root/PDF_api/documents_pdf/case_for_tests/SPARE PARTS CATALOG FOR ROUGH TERRAIN CRANE

RT35-2 ROUGH TERRAIN CRANE D00755700000020000Y.pdf
2025-09-11 15:37:33,242 - INFO - Блок после start_new_block: current_key=ZOOMLION, страницы=[7]
2025-09-11 15:37:33,242 - INFO - Действие: add_specification (drawing_specification)
2025-09-11 15:37:33,244 - INFO - Блок после add_specification: current_key=ZOOMLION, страницы=[7]
2025-09-11 15:37:33,244 - INFO - Создан PDF: /root/PDF_api/documents_pdf/case_for_tests/ZOOMLION.pdf
2025-09-11 15:37:33,244 - INFO - [Builder] Отброшены несопоставленные спецификации: ['D1130000414_100037Y', 'ZOOMLION SPARE PARTS CATALOG FOR ROUGH TERRAIN CRANE CHAPTER I CRANE', 'SPARE PARTS CATALOG FOR ROUGH TERRAIN CRANE CHAPTER 2 BOOM SYSTEM ZOOMLION']
2025-09-11 15:37:33,245 - INFO - Финализация блоков, всего сгенерировано 3 файлов
2025-09-11 15:37:33,245 - INFO - Сгенерированные файлы: ['/root/PDF_api/documents_pdf/case_for_tests/D00755700000020000Y.pdf', '/root/PDF_api/documents_pdf/case_for_tests/SPARE PARTS CATALOG FOR ROUGH TERRAIN CRANE\n\nRT35-2 ROUGH TERRAIN CRANE D00755700000020000Y.pdf', '/root/PDF_api/documents_pdf/case_for_tests/ZOOMLION.pdf']
2025-09-11 15:37:33,245 - INFO - Сгенерированные файлы: ['/root/PDF_api/documents_pdf/case_for_tests/D00755700000020000Y.pdf', '/root/PDF_api/documents_pdf/case_for_tests/SPARE PARTS CATALOG FOR ROUGH TERRAIN CRANE\n\nRT35-2 ROUGH TERRAIN CRANE D00755700000020000Y.pdf', '/root/PDF_api/documents_pdf/case_for_tests/ZOOMLION.pdf']
2025-09-11 15:37:33,252 - INFO - Ресурсы PdfCatalogSplitter закрыты
2025-09-12 07:52:44,465 - INFO - Запуск обработки файла: /root/PDF_api/documents_pdf/case_for_tests/не правильно разделены страницы_RT35_9-16.pdf
2025-09-12 07:52:51,578 - INFO - Используется GPU: NVIDIA GeForce RTX 4090
2025-09-12 07:53:03,300 - INFO - Инициализация PdfCatalogSplitter для файла: /root/PDF_api/documents_pdf/case_for_tests/не правильно разделены страницы_RT35_9-16.pdf
2025-09-12 07:53:03,300 - INFO - Начало обработки PDF: 8 страниц всего
2025-09-12 07:53:03,300 - INFO - Обработка страницы 0
2025-09-12 07:53:03,300 - INFO - Вызов analyzer.classify_with_minicpm для страницы 0
2025-09-12 07:53:03,300 - INFO - [MiniCPM] Классификация страницы 0 начата
2025-09-12 07:53:03,313 - INFO - [MiniCPM] Извлечён код=D1130000414_100037Y, заголовок=6 Drivers cab
2025-09-12 07:53:03,830 - INFO - [MiniCPM] Регулярка нашла код, предварительный тип: drawing
2025-09-12 07:53:03,881 - INFO - [MiniCPM] Рендер страницы 0 в изображение завершён
2025-09-12 07:53:09,077 - INFO - [MiniCPM] MiniCPM вернул page_type=specification
2025-09-12 07:53:09,077 - INFO - Page 0: result from analyzer -> type=specification, code=D1130000414_100037Y, title=6 Drivers cab
2025-09-12 07:53:09,077 - INFO - Действие: add_specification (specification)
2025-09-12 07:53:09,077 - INFO - [Builder] Страница 0 пропущена: нет кода и названия
2025-09-12 07:53:09,077 - INFO - Блок после add_specification: current_key=None, страницы=[]
2025-09-12 07:53:09,077 - INFO - Обработка страницы 1
2025-09-12 07:53:09,078 - INFO - Вызов analyzer.classify_with_minicpm для страницы 1
2025-09-12 07:53:09,078 - INFO - [MiniCPM] Классификация страницы 1 начата
2025-09-12 07:53:09,079 - INFO - [MiniCPM] Извлечён код=None, заголовок=None
2025-09-12 07:53:09,135 - INFO - [MiniCPM] Рендер страницы 1 для полного анализа
2025-09-12 07:53:10,580 - INFO - [MiniCPM] MiniCPM вернул: drawing,null,ZOOMLION SPARE PARTS CATALOG FOR ROUGH TERRAIN CRANE CHAPTER I CRANE
2025-09-12 07:53:10,581 - INFO - [MiniCPM] Финальный результат: page_type=drawing, code=None, title=ZOOMLION SPARE PARTS CATALOG FOR ROUGH TERRAIN CRANE CHAPTER I CRANE
2025-09-12 07:53:10,581 - INFO - Page 1: result from analyzer -> type=drawing, code=None, title=ZOOMLION SPARE PARTS CATALOG FOR ROUGH TERRAIN CRANE CHAPTER I CRANE
2025-09-12 07:53:10,581 - INFO - Действие: start_new_block
2025-09-12 07:53:10,581 - INFO - [Builder] Новый блок: ZOOMLION SPARE PARTS CATALOG FOR ROUGH TERRAIN CRANE CHAPTER I CRANE, страницы=[1]
2025-09-12 07:53:10,581 - INFO - Блок после start_new_block: current_key=ZOOMLION SPARE PARTS CATALOG FOR ROUGH TERRAIN CRANE CHAPTER I CRANE, страницы=[1]
2025-09-12 07:53:10,581 - INFO - Обработка страницы 2
2025-09-12 07:53:10,581 - INFO - Вызов analyzer.classify_with_minicpm для страницы 2
2025-09-12 07:53:10,581 - INFO - [MiniCPM] Классификация страницы 2 начата
2025-09-12 07:53:10,687 - INFO - [MiniCPM] Извлечён код=D00755700000020000Y, заголовок=SPARE PARTS CATALOG FOR ROUGH TERRAIN CRANE

RT35-2 ROUGH TERRAIN CRANE
2025-09-12 07:53:17,124 - INFO - [MiniCPM] Регулярка нашла код, предварительный тип: drawing
2025-09-12 07:53:17,407 - INFO - [MiniCPM] Рендер страницы 2 в изображение завершён
2025-09-12 07:53:17,994 - INFO - [MiniCPM] MiniCPM вернул page_type=drawing_specification
2025-09-12 07:53:17,995 - INFO - Page 2: result from analyzer -> type=drawing_specification, code=D00755700000020000Y, title=SPARE PARTS CATALOG FOR ROUGH TERRAIN CRANE

RT35-2 ROUGH TERRAIN CRANE
2025-09-12 07:53:17,995 - INFO - Действие: start_new_block
2025-09-12 07:53:17,997 - INFO - Создан PDF: /root/PDF_api/documents_pdf/case_for_tests/ZOOMLION SPARE PARTS CATALOG FOR ROUGH TERRAIN CRANE CHAPTER I CRANE.pdf
2025-09-12 07:53:17,997 - INFO - [Builder] Новый блок: D00755700000020000Y, страницы=[2]
2025-09-12 07:53:17,997 - INFO - Блок после start_new_block: current_key=D00755700000020000Y, страницы=[2]
2025-09-12 07:53:17,997 - INFO - Действие: add_specification (drawing_specification)
2025-09-12 07:53:18,107 - INFO - Блок после add_specification: current_key=D00755700000020000Y, страницы=[2]
2025-09-12 07:53:18,107 - INFO - Обработка страницы 3
2025-09-12 07:53:18,107 - INFO - Вызов analyzer.classify_with_minicpm для страницы 3
2025-09-12 07:53:18,107 - INFO - [MiniCPM] Классификация страницы 3 начата
2025-09-12 07:53:18,114 - INFO - [MiniCPM] Извлечён код=D00755700000020000Y, заголовок=SPARE PARTS CATALOG FOR ROUGH TERRAIN CRANE

RT35-2 ROUGH TERRAIN CRANE
2025-09-12 07:53:18,963 - INFO - [MiniCPM] Регулярка нашла код, предварительный тип: specification
2025-09-12 07:53:19,037 - INFO - [MiniCPM] Рендер страницы 3 в изображение завершён
2025-09-12 07:53:19,570 - INFO - [MiniCPM] MiniCPM вернул page_type=specification
2025-09-12 07:53:19,570 - INFO - Page 3: result from analyzer -> type=specification, code=D00755700000020000Y, title=SPARE PARTS CATALOG FOR ROUGH TERRAIN CRANE

RT35-2 ROUGH TERRAIN CRANE
2025-09-12 07:53:19,570 - INFO - Действие: add_specification (specification)
2025-09-12 07:53:19,580 - INFO - Блок после add_specification: current_key=D00755700000020000Y, страницы=[2, 3]
2025-09-12 07:53:19,580 - INFO - Обработка страницы 4
2025-09-12 07:53:19,580 - INFO - Вызов analyzer.classify_with_minicpm для страницы 4
2025-09-12 07:53:19,580 - INFO - [MiniCPM] Классификация страницы 4 начата
2025-09-12 07:53:19,653 - INFO - [MiniCPM] Извлечён код=D00755700000020000Y, заголовок=SPARE PARTS CATALOG FOR ROUGH TERRAIN CRANE

RT35-2 ROUGH TERRAIN CRANE
2025-09-12 07:53:25,775 - INFO - [MiniCPM] Регулярка нашла код, предварительный тип: drawing
2025-09-12 07:53:26,031 - INFO - [MiniCPM] Рендер страницы 4 в изображение завершён
2025-09-12 07:53:26,601 - INFO - [MiniCPM] MiniCPM вернул page_type=drawing_specification
2025-09-12 07:53:26,604 - INFO - Page 4: result from analyzer -> type=drawing_specification, code=D00755700000020000Y, title=SPARE PARTS CATALOG FOR ROUGH TERRAIN CRANE

RT35-2 ROUGH TERRAIN CRANE
2025-09-12 07:53:26,604 - INFO - Действие: start_new_block
2025-09-12 07:53:26,607 - INFO - Создан PDF: /root/PDF_api/documents_pdf/case_for_tests/D00755700000020000Y.pdf
2025-09-12 07:53:26,607 - INFO - [Builder] Новый блок: SPARE PARTS CATALOG FOR ROUGH TERRAIN CRANE

RT35-2 ROUGH TERRAIN CRANE D00755700000020000Y, страницы=[4]
2025-09-12 07:53:26,607 - INFO - Блок после start_new_block: current_key=SPARE PARTS CATALOG FOR ROUGH TERRAIN CRANE

RT35-2 ROUGH TERRAIN CRANE D00755700000020000Y, страницы=[4]
2025-09-12 07:53:26,607 - INFO - Действие: add_specification (drawing_specification)
2025-09-12 07:53:26,607 - INFO - Блок после add_specification: current_key=SPARE PARTS CATALOG FOR ROUGH TERRAIN CRANE

RT35-2 ROUGH TERRAIN CRANE D00755700000020000Y, страницы=[4]
2025-09-12 07:53:26,607 - INFO - Обработка страницы 5
2025-09-12 07:53:26,607 - INFO - Вызов analyzer.classify_with_minicpm для страницы 5
2025-09-12 07:53:26,607 - INFO - [MiniCPM] Классификация страницы 5 начата
2025-09-12 07:53:26,610 - INFO - [MiniCPM] Извлечён код=D00755700000020000Y, заголовок=SPARE PARTS CATALOG FOR ROUGH TERRAIN CRANE

RT35-2 ROUGH TERRAIN CRANE
2025-09-12 07:53:27,263 - INFO - [MiniCPM] Регулярка нашла код, предварительный тип: specification
2025-09-12 07:53:27,327 - INFO - [MiniCPM] Рендер страницы 5 в изображение завершён
2025-09-12 07:53:27,865 - INFO - [MiniCPM] MiniCPM вернул page_type=specification
2025-09-12 07:53:27,865 - INFO - Page 5: result from analyzer -> type=specification, code=D00755700000020000Y, title=SPARE PARTS CATALOG FOR ROUGH TERRAIN CRANE

RT35-2 ROUGH TERRAIN CRANE
2025-09-12 07:53:27,865 - INFO - Действие: add_specification (specification)
2025-09-12 07:53:27,865 - INFO - Блок после add_specification: current_key=SPARE PARTS CATALOG FOR ROUGH TERRAIN CRANE

RT35-2 ROUGH TERRAIN CRANE D00755700000020000Y, страницы=[4, 5]
2025-09-12 07:53:27,865 - INFO - Обработка страницы 6
2025-09-12 07:53:27,865 - INFO - Вызов analyzer.classify_with_minicpm для страницы 6
2025-09-12 07:53:27,865 - INFO - [MiniCPM] Классификация страницы 6 начата
2025-09-12 07:53:27,865 - INFO - [MiniCPM] Извлечён код=None, заголовок=None
2025-09-12 07:53:27,908 - INFO - [MiniCPM] Рендер страницы 6 для полного анализа
2025-09-12 07:53:28,475 - INFO - [MiniCPM] MiniCPM вернул: ignore,null,null
2025-09-12 07:53:28,475 - INFO - [MiniCPM] Финальный результат: page_type=ignore, code=None, title=None
2025-09-12 07:53:28,478 - INFO - Page 6: result from analyzer -> type=ignore, code=None, title=None
2025-09-12 07:53:28,479 - INFO - Page 6: ignored
2025-09-12 07:53:28,479 - INFO - Обработка страницы 7
2025-09-12 07:53:28,479 - INFO - Вызов analyzer.classify_with_minicpm для страницы 7
2025-09-12 07:53:28,479 - INFO - [MiniCPM] Классификация страницы 7 начата
2025-09-12 07:53:28,480 - INFO - [MiniCPM] Извлечён код=None, заголовок=None
2025-09-12 07:53:28,533 - INFO - [MiniCPM] Рендер страницы 7 для полного анализа
2025-09-12 07:53:30,066 - INFO - [MiniCPM] MiniCPM вернул: drawing,null,ZOOMLION SPARE PARTS CATALOG FOR ROUGH TERRAIN CRANE CHAPTER 2 BOOM SYSTEM
2025-09-12 07:53:30,066 - INFO - [MiniCPM] Финальный результат: page_type=drawing, code=None, title=ZOOMLION SPARE PARTS CATALOG FOR ROUGH TERRAIN CRANE CHAPTER 2 BOOM SYSTEM
2025-09-12 07:53:30,069 - INFO - Page 7: result from analyzer -> type=drawing, code=None, title=ZOOMLION SPARE PARTS CATALOG FOR ROUGH TERRAIN CRANE CHAPTER 2 BOOM SYSTEM
2025-09-12 07:53:30,069 - INFO - Действие: start_new_block
2025-09-12 07:53:30,072 - INFO - Создан PDF: /root/PDF_api/documents_pdf/case_for_tests/SPARE PARTS CATALOG FOR ROUGH TERRAIN CRANE

RT35-2 ROUGH TERRAIN CRANE D00755700000020000Y.pdf
2025-09-12 07:53:30,072 - INFO - [Builder] Новый блок: ZOOMLION SPARE PARTS CATALOG FOR ROUGH TERRAIN CRANE CHAPTER 2 BOOM SYSTEM, страницы=[7]
2025-09-12 07:53:30,072 - INFO - Блок после start_new_block: current_key=ZOOMLION SPARE PARTS CATALOG FOR ROUGH TERRAIN CRANE CHAPTER 2 BOOM SYSTEM, страницы=[7]
2025-09-12 07:53:30,072 - INFO - Создан PDF: /root/PDF_api/documents_pdf/case_for_tests/ZOOMLION SPARE PARTS CATALOG FOR ROUGH TERRAIN CRANE CHAPTER 2 BOOM SYSTEM.pdf
2025-09-12 07:53:30,072 - INFO - Финализация блоков, всего сгенерировано 4 файлов
2025-09-12 07:53:30,072 - INFO - Сгенерированные файлы: ['/root/PDF_api/documents_pdf/case_for_tests/ZOOMLION SPARE PARTS CATALOG FOR ROUGH TERRAIN CRANE CHAPTER I CRANE.pdf', '/root/PDF_api/documents_pdf/case_for_tests/D00755700000020000Y.pdf', '/root/PDF_api/documents_pdf/case_for_tests/SPARE PARTS CATALOG FOR ROUGH TERRAIN CRANE\n\nRT35-2 ROUGH TERRAIN CRANE D00755700000020000Y.pdf', '/root/PDF_api/documents_pdf/case_for_tests/ZOOMLION SPARE PARTS CATALOG FOR ROUGH TERRAIN CRANE CHAPTER 2 BOOM SYSTEM.pdf']
2025-09-12 07:53:30,073 - INFO - Сгенерированные файлы: ['/root/PDF_api/documents_pdf/case_for_tests/ZOOMLION SPARE PARTS CATALOG FOR ROUGH TERRAIN CRANE CHAPTER I CRANE.pdf', '/root/PDF_api/documents_pdf/case_for_tests/D00755700000020000Y.pdf', '/root/PDF_api/documents_pdf/case_for_tests/SPARE PARTS CATALOG FOR ROUGH TERRAIN CRANE\n\nRT35-2 ROUGH TERRAIN CRANE D00755700000020000Y.pdf', '/root/PDF_api/documents_pdf/case_for_tests/ZOOMLION SPARE PARTS CATALOG FOR ROUGH TERRAIN CRANE CHAPTER 2 BOOM SYSTEM.pdf']
2025-09-12 07:53:30,074 - INFO - Ресурсы PdfCatalogSplitter закрыты
2025-09-12 08:00:28,091 - INFO - Запуск обработки файла: /root/PDF_api/documents_pdf/case_for_tests/не правильно разделены страницы_RT35_9-16.pdf
2025-09-12 08:00:31,953 - INFO - Используется GPU: NVIDIA GeForce RTX 4090
2025-09-12 08:00:40,915 - INFO - Инициализация PdfCatalogSplitter для файла: /root/PDF_api/documents_pdf/case_for_tests/не правильно разделены страницы_RT35_9-16.pdf
2025-09-12 08:00:40,915 - INFO - Начало обработки PDF: 8 страниц всего
2025-09-12 08:00:40,915 - INFO - Обработка страницы 0
2025-09-12 08:00:40,915 - INFO - Вызов analyzer.classify_with_minicpm для страницы 0
2025-09-12 08:00:40,916 - INFO - [MiniCPM] Классификация страницы 0 начата
2025-09-12 08:00:40,929 - INFO - [MiniCPM] Извлечён код=D1130000414_100037Y, заголовок=6 Drivers cab
2025-09-12 08:00:41,438 - INFO - [MiniCPM] Регулярка нашла код, предварительный тип: drawing
2025-09-12 08:00:41,489 - INFO - [MiniCPM] Рендер страницы 0 в изображение завершён
2025-09-12 08:00:47,163 - INFO - [MiniCPM] MiniCPM вернул page_type=specification
2025-09-12 08:00:47,164 - INFO - Page 0: result from analyzer -> type=specification, code=D1130000414_100037Y, title=6 Drivers cab
2025-09-12 08:00:47,164 - INFO - Действие: add_specification (specification)
2025-09-12 08:00:47,164 - INFO - Блок после add_specification: current_key=None, страницы=[]
2025-09-12 08:00:47,164 - INFO - Обработка страницы 1
2025-09-12 08:00:47,164 - INFO - Вызов analyzer.classify_with_minicpm для страницы 1
2025-09-12 08:00:47,164 - INFO - [MiniCPM] Классификация страницы 1 начата
2025-09-12 08:00:47,166 - INFO - [MiniCPM] Извлечён код=None, заголовок=None
2025-09-12 08:00:47,228 - INFO - [MiniCPM] Рендер страницы 1 для полного анализа
2025-09-12 08:00:48,645 - INFO - [MiniCPM] MiniCPM вернул: drawing,ZOOMLION,SPARE PARTS CATALOG FOR ROUGH TERRAIN CRANE
2025-09-12 08:00:48,645 - INFO - [MiniCPM] Финальный результат: page_type=drawing, code=ZOOMLION, title=SPARE PARTS CATALOG FOR ROUGH TERRAIN CRANE
2025-09-12 08:00:48,645 - INFO - Page 1: result from analyzer -> type=drawing, code=ZOOMLION, title=SPARE PARTS CATALOG FOR ROUGH TERRAIN CRANE
2025-09-12 08:00:48,646 - INFO - Действие: start_new_block
2025-09-12 08:00:48,646 - INFO - [Builder] Новый блок: ZOOMLION, страницы=[1]
2025-09-12 08:00:48,646 - INFO - Блок после start_new_block: current_key=ZOOMLION, страницы=[1]
2025-09-12 08:00:48,646 - INFO - Обработка страницы 2
2025-09-12 08:00:48,646 - INFO - Вызов analyzer.classify_with_minicpm для страницы 2
2025-09-12 08:00:48,646 - INFO - [MiniCPM] Классификация страницы 2 начата
2025-09-12 08:00:48,752 - INFO - [MiniCPM] Извлечён код=D00755700000020000Y, заголовок=SPARE PARTS CATALOG FOR ROUGH TERRAIN CRANE

RT35-2 ROUGH TERRAIN CRANE
2025-09-12 08:00:55,570 - INFO - [MiniCPM] Регулярка нашла код, предварительный тип: drawing
2025-09-12 08:00:55,867 - INFO - [MiniCPM] Рендер страницы 2 в изображение завершён
2025-09-12 08:00:56,757 - INFO - [MiniCPM] MiniCPM вернул page_type=drawing_specification
2025-09-12 08:00:56,759 - INFO - Page 2: result from analyzer -> type=drawing_specification, code=D00755700000020000Y, title=SPARE PARTS CATALOG FOR ROUGH TERRAIN CRANE

RT35-2 ROUGH TERRAIN CRANE
2025-09-12 08:00:56,760 - INFO - Действие: start_new_block
2025-09-12 08:00:56,762 - INFO - Создан PDF: /root/PDF_api/documents_pdf/case_for_tests/ZOOMLION.pdf
2025-09-12 08:00:56,762 - INFO - [Builder] Новый блок: D00755700000020000Y, страницы=[2]
2025-09-12 08:00:56,762 - INFO - Блок после start_new_block: current_key=D00755700000020000Y, страницы=[2]
2025-09-12 08:00:56,762 - INFO - Действие: add_specification (drawing_specification)
2025-09-12 08:00:56,873 - INFO - Блок после add_specification: current_key=D00755700000020000Y, страницы=[2]
2025-09-12 08:00:56,873 - INFO - Обработка страницы 3
2025-09-12 08:00:56,873 - INFO - Вызов analyzer.classify_with_minicpm для страницы 3
2025-09-12 08:00:56,873 - INFO - [MiniCPM] Классификация страницы 3 начата
2025-09-12 08:00:56,880 - INFO - [MiniCPM] Извлечён код=D00755700000020000Y, заголовок=SPARE PARTS CATALOG FOR ROUGH TERRAIN CRANE

RT35-2 ROUGH TERRAIN CRANE
2025-09-12 08:00:57,790 - INFO - [MiniCPM] Регулярка нашла код, предварительный тип: specification
2025-09-12 08:00:57,870 - INFO - [MiniCPM] Рендер страницы 3 в изображение завершён
2025-09-12 08:00:58,877 - INFO - [MiniCPM] MiniCPM вернул page_type=specification
2025-09-12 08:00:58,882 - INFO - Page 3: result from analyzer -> type=specification, code=D00755700000020000Y, title=SPARE PARTS CATALOG FOR ROUGH TERRAIN CRANE

RT35-2 ROUGH TERRAIN CRANE
2025-09-12 08:00:58,882 - INFO - Действие: add_specification (specification)
2025-09-12 08:00:58,891 - INFO - Блок после add_specification: current_key=D00755700000020000Y, страницы=[2, 3]
2025-09-12 08:00:58,891 - INFO - Обработка страницы 4
2025-09-12 08:00:58,891 - INFO - Вызов analyzer.classify_with_minicpm для страницы 4
2025-09-12 08:00:58,891 - INFO - [MiniCPM] Классификация страницы 4 начата
2025-09-12 08:00:58,965 - INFO - [MiniCPM] Извлечён код=D00755700000020000Y, заголовок=SPARE PARTS CATALOG FOR ROUGH TERRAIN CRANE

RT35-2 ROUGH TERRAIN CRANE
2025-09-12 08:01:05,380 - INFO - [MiniCPM] Регулярка нашла код, предварительный тип: drawing
2025-09-12 08:01:05,641 - INFO - [MiniCPM] Рендер страницы 4 в изображение завершён
2025-09-12 08:01:06,232 - INFO - [MiniCPM] MiniCPM вернул page_type=drawing_specification
2025-09-12 08:01:06,235 - INFO - Page 4: result from analyzer -> type=drawing_specification, code=D00755700000020000Y, title=SPARE PARTS CATALOG FOR ROUGH TERRAIN CRANE

RT35-2 ROUGH TERRAIN CRANE
2025-09-12 08:01:06,235 - INFO - Действие: start_new_block
2025-09-12 08:01:06,238 - INFO - Создан PDF: /root/PDF_api/documents_pdf/case_for_tests/D00755700000020000Y.pdf
2025-09-12 08:01:06,238 - INFO - [Builder] Новый блок: SPARE PARTS CATALOG FOR ROUGH TERRAIN CRANE

RT35-2 ROUGH TERRAIN CRANE D00755700000020000Y, страницы=[4]
2025-09-12 08:01:06,238 - INFO - Блок после start_new_block: current_key=SPARE PARTS CATALOG FOR ROUGH TERRAIN CRANE

RT35-2 ROUGH TERRAIN CRANE D00755700000020000Y, страницы=[4]
2025-09-12 08:01:06,238 - INFO - Действие: add_specification (drawing_specification)
2025-09-12 08:01:06,238 - INFO - Блок после add_specification: current_key=SPARE PARTS CATALOG FOR ROUGH TERRAIN CRANE

RT35-2 ROUGH TERRAIN CRANE D00755700000020000Y, страницы=[4]
2025-09-12 08:01:06,238 - INFO - Обработка страницы 5
2025-09-12 08:01:06,238 - INFO - Вызов analyzer.classify_with_minicpm для страницы 5
2025-09-12 08:01:06,238 - INFO - [MiniCPM] Классификация страницы 5 начата
2025-09-12 08:01:06,242 - INFO - [MiniCPM] Извлечён код=D00755700000020000Y, заголовок=SPARE PARTS CATALOG FOR ROUGH TERRAIN CRANE

RT35-2 ROUGH TERRAIN CRANE
2025-09-12 08:01:06,923 - INFO - [MiniCPM] Регулярка нашла код, предварительный тип: specification
2025-09-12 08:01:06,991 - INFO - [MiniCPM] Рендер страницы 5 в изображение завершён
2025-09-12 08:01:07,545 - INFO - [MiniCPM] MiniCPM вернул page_type=specification
2025-09-12 08:01:07,545 - INFO - Page 5: result from analyzer -> type=specification, code=D00755700000020000Y, title=SPARE PARTS CATALOG FOR ROUGH TERRAIN CRANE

RT35-2 ROUGH TERRAIN CRANE
2025-09-12 08:01:07,545 - INFO - Действие: add_specification (specification)
2025-09-12 08:01:07,545 - INFO - Блок после add_specification: current_key=SPARE PARTS CATALOG FOR ROUGH TERRAIN CRANE

RT35-2 ROUGH TERRAIN CRANE D00755700000020000Y, страницы=[4, 5]
2025-09-12 08:01:07,545 - INFO - Обработка страницы 6
2025-09-12 08:01:07,545 - INFO - Вызов analyzer.classify_with_minicpm для страницы 6
2025-09-12 08:01:07,545 - INFO - [MiniCPM] Классификация страницы 6 начата
2025-09-12 08:01:07,546 - INFO - [MiniCPM] Извлечён код=None, заголовок=None
2025-09-12 08:01:07,589 - INFO - [MiniCPM] Рендер страницы 6 для полного анализа
2025-09-12 08:01:08,556 - INFO - [MiniCPM] MiniCPM вернул: drawing,null,2024-05-15
2025-09-12 08:01:08,556 - INFO - [MiniCPM] Финальный результат: page_type=drawing, code=None, title=2024-05-15
2025-09-12 08:01:08,557 - INFO - Page 6: result from analyzer -> type=drawing, code=None, title=2024-05-15
2025-09-12 08:01:08,557 - INFO - Действие: start_new_block
2025-09-12 08:01:08,561 - INFO - Создан PDF: /root/PDF_api/documents_pdf/case_for_tests/SPARE PARTS CATALOG FOR ROUGH TERRAIN CRANE

RT35-2 ROUGH TERRAIN CRANE D00755700000020000Y.pdf
2025-09-12 08:01:08,561 - INFO - [Builder] Новый блок: 2024-05-15, страницы=[6]
2025-09-12 08:01:08,561 - INFO - Блок после start_new_block: current_key=2024-05-15, страницы=[6]
2025-09-12 08:01:08,561 - INFO - Обработка страницы 7
2025-09-12 08:01:08,561 - INFO - Вызов analyzer.classify_with_minicpm для страницы 7
2025-09-12 08:01:08,561 - INFO - [MiniCPM] Классификация страницы 7 начата
2025-09-12 08:01:08,562 - INFO - [MiniCPM] Извлечён код=None, заголовок=None
2025-09-12 08:01:08,614 - INFO - [MiniCPM] Рендер страницы 7 для полного анализа
2025-09-12 08:01:10,338 - INFO - [MiniCPM] MiniCPM вернул: drawing_specification,ZOOMLION,SPARE PARTS CATALOG FOR ROUGH TERRAIN CRANE (CHAPTER 2 BOOM SYSTEM)
2025-09-12 08:01:10,338 - INFO - [MiniCPM] Финальный результат: page_type=drawing_specification, code=ZOOMLION, title=SPARE PARTS CATALOG FOR ROUGH TERRAIN CRANE (CHAPTER 2 BOOM SYSTEM)
2025-09-12 08:01:10,341 - INFO - Page 7: result from analyzer -> type=drawing_specification, code=ZOOMLION, title=SPARE PARTS CATALOG FOR ROUGH TERRAIN CRANE (CHAPTER 2 BOOM SYSTEM)
2025-09-12 08:01:10,341 - INFO - Действие: start_new_block
2025-09-12 08:01:10,342 - INFO - Создан PDF: /root/PDF_api/documents_pdf/case_for_tests/2024-05-15.pdf
2025-09-12 08:01:10,342 - INFO - [Builder] Новый блок: SPARE PARTS CATALOG FOR ROUGH TERRAIN CRANE (CHAPTER 2 BOOM SYSTEM) ZOOMLION, страницы=[7]
2025-09-12 08:01:10,343 - INFO - Блок после start_new_block: current_key=SPARE PARTS CATALOG FOR ROUGH TERRAIN CRANE (CHAPTER 2 BOOM SYSTEM) ZOOMLION, страницы=[7]
2025-09-12 08:01:10,343 - INFO - Действие: add_specification (drawing_specification)
2025-09-12 08:01:10,343 - INFO - Блок после add_specification: current_key=SPARE PARTS CATALOG FOR ROUGH TERRAIN CRANE (CHAPTER 2 BOOM SYSTEM) ZOOMLION, страницы=[7]
2025-09-12 08:01:10,344 - INFO - Создан PDF: /root/PDF_api/documents_pdf/case_for_tests/SPARE PARTS CATALOG FOR ROUGH TERRAIN CRANE (CHAPTER 2 BOOM SYSTEM) ZOOMLION.pdf
2025-09-12 08:01:10,344 - INFO - [Builder] Отброшены несопоставленные спецификации: ['D1130000414_100037Y']
2025-09-12 08:01:10,344 - INFO - Финализация блоков, всего сгенерировано 5 файлов
2025-09-12 08:01:10,344 - INFO - Сгенерированные файлы: ['/root/PDF_api/documents_pdf/case_for_tests/ZOOMLION.pdf', '/root/PDF_api/documents_pdf/case_for_tests/D00755700000020000Y.pdf', '/root/PDF_api/documents_pdf/case_for_tests/SPARE PARTS CATALOG FOR ROUGH TERRAIN CRANE\n\nRT35-2 ROUGH TERRAIN CRANE D00755700000020000Y.pdf', '/root/PDF_api/documents_pdf/case_for_tests/2024-05-15.pdf', '/root/PDF_api/documents_pdf/case_for_tests/SPARE PARTS CATALOG FOR ROUGH TERRAIN CRANE (CHAPTER 2 BOOM SYSTEM) ZOOMLION.pdf']
2025-09-12 08:01:10,344 - INFO - Сгенерированные файлы: ['/root/PDF_api/documents_pdf/case_for_tests/ZOOMLION.pdf', '/root/PDF_api/documents_pdf/case_for_tests/D00755700000020000Y.pdf', '/root/PDF_api/documents_pdf/case_for_tests/SPARE PARTS CATALOG FOR ROUGH TERRAIN CRANE\n\nRT35-2 ROUGH TERRAIN CRANE D00755700000020000Y.pdf', '/root/PDF_api/documents_pdf/case_for_tests/2024-05-15.pdf', '/root/PDF_api/documents_pdf/case_for_tests/SPARE PARTS CATALOG FOR ROUGH TERRAIN CRANE (CHAPTER 2 BOOM SYSTEM) ZOOMLION.pdf']
2025-09-12 08:01:10,346 - INFO - Ресурсы PdfCatalogSplitter закрыты
2025-09-12 08:09:25,080 - INFO - Запуск обработки файла: /root/PDF_api/documents_pdf/case_for_tests/не правильно разделены страницы_RT35_9-16.pdf
2025-09-12 08:09:28,878 - INFO - Используется GPU: NVIDIA GeForce RTX 4090
2025-09-12 08:09:37,703 - INFO - Инициализация PdfCatalogSplitter для файла: /root/PDF_api/documents_pdf/case_for_tests/не правильно разделены страницы_RT35_9-16.pdf
2025-09-12 08:09:37,703 - INFO - Начало обработки PDF: 8 страниц всего
2025-09-12 08:09:37,703 - INFO - Обработка страницы 0
2025-09-12 08:09:37,703 - INFO - Вызов analyzer.classify_with_minicpm для страницы 0
2025-09-12 08:09:37,703 - INFO - [MiniCPM] Классификация страницы 0 начата
2025-09-12 08:09:37,716 - INFO - [MiniCPM] Извлечён код=D1130000414_100037Y, заголовок=6 Drivers cab
2025-09-12 08:09:38,212 - INFO - [MiniCPM] Регулярка нашла код, предварительный тип: drawing
2025-09-12 08:09:38,264 - INFO - [MiniCPM] Рендер страницы 0 в изображение завершён
2025-09-12 08:09:43,065 - INFO - [MiniCPM] MiniCPM вернул page_type=ignore,null
2025-09-12 08:09:43,065 - INFO - Page 0: result from analyzer -> type=ignore,null, code=D1130000414_100037Y, title=6 Drivers cab
2025-09-12 08:09:43,065 - INFO - Обработка страницы 1
2025-09-12 08:09:43,065 - INFO - Вызов analyzer.classify_with_minicpm для страницы 1
2025-09-12 08:09:43,065 - INFO - [MiniCPM] Классификация страницы 1 начата
2025-09-12 08:09:43,067 - INFO - [MiniCPM] Извлечён код=None, заголовок=None
2025-09-12 08:09:43,122 - INFO - [MiniCPM] Рендер страницы 1 для полного анализа
2025-09-12 08:09:43,847 - INFO - [MiniCPM] MiniCPM вернул: ignore,null
2025-09-12 08:09:43,847 - INFO - [MiniCPM] Финальный результат: page_type=ignore, code=None, title=None
2025-09-12 08:09:43,847 - INFO - Page 1: result from analyzer -> type=ignore, code=None, title=None
2025-09-12 08:09:43,847 - INFO - Page 1: ignored
2025-09-12 08:09:43,847 - INFO - Обработка страницы 2
2025-09-12 08:09:43,847 - INFO - Вызов analyzer.classify_with_minicpm для страницы 2
2025-09-12 08:09:43,847 - INFO - [MiniCPM] Классификация страницы 2 начата
2025-09-12 08:09:43,953 - INFO - [MiniCPM] Извлечён код=D00755700000020000Y, заголовок=SPARE PARTS CATALOG FOR ROUGH TERRAIN CRANE

RT35-2 ROUGH TERRAIN CRANE
2025-09-12 08:09:50,577 - INFO - [MiniCPM] Регулярка нашла код, предварительный тип: drawing
2025-09-12 08:09:50,873 - INFO - [MiniCPM] Рендер страницы 2 в изображение завершён
2025-09-12 08:09:52,224 - INFO - [MiniCPM] MiniCPM вернул page_type=drawing,D00755700000020000Y
2025-09-12 08:09:52,226 - INFO - Page 2: result from analyzer -> type=drawing,D00755700000020000Y, code=D00755700000020000Y, title=SPARE PARTS CATALOG FOR ROUGH TERRAIN CRANE

RT35-2 ROUGH TERRAIN CRANE
2025-09-12 08:09:52,226 - INFO - Обработка страницы 3
2025-09-12 08:09:52,226 - INFO - Вызов analyzer.classify_with_minicpm для страницы 3
2025-09-12 08:09:52,226 - INFO - [MiniCPM] Классификация страницы 3 начата
2025-09-12 08:09:52,234 - INFO - [MiniCPM] Извлечён код=D00755700000020000Y, заголовок=SPARE PARTS CATALOG FOR ROUGH TERRAIN CRANE

RT35-2 ROUGH TERRAIN CRANE
2025-09-12 08:09:53,117 - INFO - [MiniCPM] Регулярка нашла код, предварительный тип: specification
2025-09-12 08:09:53,201 - INFO - [MiniCPM] Рендер страницы 3 в изображение завершён
2025-09-12 08:09:54,609 - INFO - [MiniCPM] MiniCPM вернул page_type=specification,D00755700000020000Y
2025-09-12 08:09:54,611 - INFO - Page 3: result from analyzer -> type=specification,D00755700000020000Y, code=D00755700000020000Y, title=SPARE PARTS CATALOG FOR ROUGH TERRAIN CRANE

RT35-2 ROUGH TERRAIN CRANE
2025-09-12 08:09:54,611 - INFO - Обработка страницы 4
2025-09-12 08:09:54,611 - INFO - Вызов analyzer.classify_with_minicpm для страницы 4
2025-09-12 08:09:54,611 - INFO - [MiniCPM] Классификация страницы 4 начата
2025-09-12 08:09:54,685 - INFO - [MiniCPM] Извлечён код=D00755700000020000Y, заголовок=SPARE PARTS CATALOG FOR ROUGH TERRAIN CRANE

RT35-2 ROUGH TERRAIN CRANE
2025-09-12 08:10:01,099 - INFO - [MiniCPM] Регулярка нашла код, предварительный тип: drawing
2025-09-12 08:10:01,361 - INFO - [MiniCPM] Рендер страницы 4 в изображение завершён
2025-09-12 08:10:02,753 - INFO - [MiniCPM] MiniCPM вернул page_type=drawing,D00755700000020000Y
2025-09-12 08:10:02,755 - INFO - Page 4: result from analyzer -> type=drawing,D00755700000020000Y, code=D00755700000020000Y, title=SPARE PARTS CATALOG FOR ROUGH TERRAIN CRANE

RT35-2 ROUGH TERRAIN CRANE
2025-09-12 08:10:02,756 - INFO - Обработка страницы 5
2025-09-12 08:10:02,756 - INFO - Вызов analyzer.classify_with_minicpm для страницы 5
2025-09-12 08:10:02,756 - INFO - [MiniCPM] Классификация страницы 5 начата
2025-09-12 08:10:02,759 - INFO - [MiniCPM] Извлечён код=D00755700000020000Y, заголовок=SPARE PARTS CATALOG FOR ROUGH TERRAIN CRANE

RT35-2 ROUGH TERRAIN CRANE
2025-09-12 08:10:03,432 - INFO - [MiniCPM] Регулярка нашла код, предварительный тип: specification
2025-09-12 08:10:03,497 - INFO - [MiniCPM] Рендер страницы 5 в изображение завершён
2025-09-12 08:10:04,948 - INFO - [MiniCPM] MiniCPM вернул page_type=specification,D007557000000200000Y
2025-09-12 08:10:04,948 - INFO - Page 5: result from analyzer -> type=specification,D007557000000200000Y, code=D00755700000020000Y, title=SPARE PARTS CATALOG FOR ROUGH TERRAIN CRANE

RT35-2 ROUGH TERRAIN CRANE
2025-09-12 08:10:04,948 - INFO - Обработка страницы 6
2025-09-12 08:10:04,948 - INFO - Вызов analyzer.classify_with_minicpm для страницы 6
2025-09-12 08:10:04,948 - INFO - [MiniCPM] Классификация страницы 6 начата
2025-09-12 08:10:04,949 - INFO - [MiniCPM] Извлечён код=None, заголовок=None
2025-09-12 08:10:04,991 - INFO - [MiniCPM] Рендер страницы 6 для полного анализа
2025-09-12 08:10:05,806 - INFO - [MiniCPM] MiniCPM вернул: ignore,null
2025-09-12 08:10:05,806 - INFO - [MiniCPM] Финальный результат: page_type=ignore, code=None, title=None
2025-09-12 08:10:05,806 - INFO - Page 6: result from analyzer -> type=ignore, code=None, title=None
2025-09-12 08:10:05,807 - INFO - Page 6: ignored
2025-09-12 08:10:05,807 - INFO - Обработка страницы 7
2025-09-12 08:10:05,807 - INFO - Вызов analyzer.classify_with_minicpm для страницы 7
2025-09-12 08:10:05,807 - INFO - [MiniCPM] Классификация страницы 7 начата
2025-09-12 08:10:05,808 - INFO - [MiniCPM] Извлечён код=None, заголовок=None
2025-09-12 08:10:05,863 - INFO - [MiniCPM] Рендер страницы 7 для полного анализа
2025-09-12 08:10:07,205 - INFO - [MiniCPM] MiniCPM вернул: ignore,null
2025-09-12 08:10:07,205 - INFO - [MiniCPM] Финальный результат: page_type=ignore, code=None, title=None
2025-09-12 08:10:07,208 - INFO - Page 7: result from analyzer -> type=ignore, code=None, title=None
2025-09-12 08:10:07,208 - INFO - Page 7: ignored
2025-09-12 08:10:07,208 - INFO - Финализация блоков, всего сгенерировано 0 файлов
2025-09-12 08:10:07,208 - INFO - Сгенерированные файлы: []
2025-09-12 08:10:07,208 - INFO - Сгенерированные файлы: []
2025-09-12 08:10:07,210 - INFO - Ресурсы PdfCatalogSplitter закрыты
2025-09-12 08:14:59,407 - INFO - Запуск обработки файла: /root/PDF_api/documents_pdf/case_for_tests/не правильно разделены страницы_RT35_9-16.pdf
2025-09-12 08:15:03,197 - INFO - Используется GPU: NVIDIA GeForce RTX 4090
2025-09-12 08:15:10,377 - INFO - Инициализация PdfCatalogSplitter для файла: /root/PDF_api/documents_pdf/case_for_tests/не правильно разделены страницы_RT35_9-16.pdf
2025-09-12 08:15:10,377 - INFO - Начало обработки PDF: 8 страниц всего
2025-09-12 08:15:10,378 - INFO - Обработка страницы 0
2025-09-12 08:15:10,378 - INFO - Вызов analyzer.classify_with_minicpm для страницы 0
2025-09-12 08:15:10,378 - INFO - [MiniCPM] Классификация страницы 0 начата
2025-09-12 08:15:10,391 - INFO - [MiniCPM] Извлечён код=D1130000414_100037Y, заголовок=6 Drivers cab
2025-09-12 08:15:10,888 - INFO - [MiniCPM] Регулярка нашла код, предварительный тип: drawing
2025-09-12 08:15:10,940 - INFO - [MiniCPM] Рендер страницы 0 в изображение завершён
2025-09-12 08:15:15,383 - WARNING - [MiniCPM] Ошибка классификации страницы 0: CUDA out of memory. Tried to allocate 644.00 MiB. GPU 0 has a total capacity of 47.37 GiB of which 202.25 MiB is free. Process 2136325 has 7.89 GiB memory in use. Process 4013252 has 19.51 GiB memory in use. Including non-PyTorch memory, this process has 19.66 GiB memory in use. Of the allocated memory 18.50 GiB is allocated by PyTorch, and 726.43 MiB is reserved by PyTorch but unallocated. If reserved but unallocated memory is large try setting PYTORCH_CUDA_ALLOC_CONF=expandable_segments:True to avoid fragmentation.  See documentation for Memory Management  (https://pytorch.org/docs/stable/notes/cuda.html#environment-variables)
2025-09-12 08:15:15,383 - INFO - Page 0: result from analyzer -> type=drawing, code=D1130000414_100037Y, title=6 Drivers cab
2025-09-12 08:15:15,383 - INFO - Действие: start_new_block
2025-09-12 08:15:15,383 - INFO - [Builder] Страница 0 пропущена: нет кода и названия
2025-09-12 08:15:15,383 - INFO - Блок после start_new_block: current_key=None, страницы=[]
2025-09-12 08:15:15,383 - INFO - Обработка страницы 1
2025-09-12 08:15:15,383 - INFO - Вызов analyzer.classify_with_minicpm для страницы 1
2025-09-12 08:15:15,383 - INFO - [MiniCPM] Классификация страницы 1 начата
2025-09-12 08:15:15,385 - INFO - [MiniCPM] Извлечён код=None, заголовок=None
2025-09-12 08:15:15,439 - INFO - [MiniCPM] Рендер страницы 1 для полного анализа
2025-09-12 08:15:17,292 - INFO - [MiniCPM] MiniCPM вернул: drawing,null,ZOOMLION SPARE PARTS CATALOG FOR ROUGH TERRAIN CRANE
2025-09-12 08:15:17,292 - INFO - [MiniCPM] Финальный результат: page_type=drawing, code=None, title=ZOOMLION SPARE PARTS CATALOG FOR ROUGH TERRAIN CRANE
2025-09-12 08:15:17,292 - INFO - Page 1: result from analyzer -> type=drawing, code=None, title=ZOOMLION SPARE PARTS CATALOG FOR ROUGH TERRAIN CRANE
2025-09-12 08:15:17,292 - INFO - Действие: start_new_block
2025-09-12 08:15:17,293 - INFO - [Builder] Новый блок: ZOOMLION SPARE PARTS CATALOG FOR ROUGH TERRAIN CRANE, страницы=[1]
2025-09-12 08:15:17,293 - INFO - Блок после start_new_block: current_key=ZOOMLION SPARE PARTS CATALOG FOR ROUGH TERRAIN CRANE, страницы=[1]
2025-09-12 08:15:17,293 - INFO - Обработка страницы 2
2025-09-12 08:15:17,293 - INFO - Вызов analyzer.classify_with_minicpm для страницы 2
2025-09-12 08:15:17,293 - INFO - [MiniCPM] Классификация страницы 2 начата
2025-09-12 08:15:17,400 - INFO - [MiniCPM] Извлечён код=D00755700000020000Y, заголовок=SPARE PARTS CATALOG FOR ROUGH TERRAIN CRANE

RT35-2 ROUGH TERRAIN CRANE
2025-09-12 08:15:24,167 - INFO - [MiniCPM] Регулярка нашла код, предварительный тип: drawing
2025-09-12 08:15:24,459 - INFO - [MiniCPM] Рендер страницы 2 в изображение завершён
2025-09-12 08:15:25,286 - INFO - [MiniCPM] MiniCPM вернул page_type=drawing_specification
2025-09-12 08:15:25,287 - INFO - Page 2: result from analyzer -> type=drawing_specification, code=D00755700000020000Y, title=SPARE PARTS CATALOG FOR ROUGH TERRAIN CRANE

RT35-2 ROUGH TERRAIN CRANE
2025-09-12 08:15:25,287 - INFO - Действие: start_new_block
2025-09-12 08:15:25,289 - INFO - Создан PDF: /root/PDF_api/documents_pdf/case_for_tests/ZOOMLION SPARE PARTS CATALOG FOR ROUGH TERRAIN CRANE.pdf
2025-09-12 08:15:25,289 - INFO - [Builder] Новый блок: D00755700000020000Y, страницы=[2]
2025-09-12 08:15:25,289 - INFO - Блок после start_new_block: current_key=D00755700000020000Y, страницы=[2]
2025-09-12 08:15:25,289 - INFO - Действие: add_specification (drawing_specification)
2025-09-12 08:15:25,399 - INFO - Блок после add_specification: current_key=D00755700000020000Y, страницы=[2]
2025-09-12 08:15:25,399 - INFO - Обработка страницы 3
2025-09-12 08:15:25,399 - INFO - Вызов analyzer.classify_with_minicpm для страницы 3
2025-09-12 08:15:25,399 - INFO - [MiniCPM] Классификация страницы 3 начата
2025-09-12 08:15:25,406 - INFO - [MiniCPM] Извлечён код=D00755700000020000Y, заголовок=SPARE PARTS CATALOG FOR ROUGH TERRAIN CRANE

RT35-2 ROUGH TERRAIN CRANE
2025-09-12 08:15:26,320 - INFO - [MiniCPM] Регулярка нашла код, предварительный тип: specification
2025-09-12 08:15:26,397 - INFO - [MiniCPM] Рендер страницы 3 в изображение завершён
2025-09-12 08:15:27,034 - INFO - [MiniCPM] MiniCPM вернул page_type=specification
2025-09-12 08:15:27,040 - INFO - Page 3: result from analyzer -> type=specification, code=D00755700000020000Y, title=SPARE PARTS CATALOG FOR ROUGH TERRAIN CRANE

RT35-2 ROUGH TERRAIN CRANE
2025-09-12 08:15:27,040 - INFO - Действие: add_specification (specification)
2025-09-12 08:15:27,051 - INFO - Блок после add_specification: current_key=D00755700000020000Y, страницы=[2, 3]
2025-09-12 08:15:27,051 - INFO - Обработка страницы 4
2025-09-12 08:15:27,051 - INFO - Вызов analyzer.classify_with_minicpm для страницы 4
2025-09-12 08:15:27,051 - INFO - [MiniCPM] Классификация страницы 4 начата
2025-09-12 08:15:27,126 - INFO - [MiniCPM] Извлечён код=D00755700000020000Y, заголовок=SPARE PARTS CATALOG FOR ROUGH TERRAIN CRANE

RT35-2 ROUGH TERRAIN CRANE
2025-09-12 08:15:33,849 - INFO - [MiniCPM] Регулярка нашла код, предварительный тип: drawing
2025-09-12 08:15:34,113 - INFO - [MiniCPM] Рендер страницы 4 в изображение завершён
2025-09-12 08:15:34,951 - INFO - [MiniCPM] MiniCPM вернул page_type=drawing_specification
2025-09-12 08:15:34,951 - INFO - Page 4: result from analyzer -> type=drawing_specification, code=D00755700000020000Y, title=SPARE PARTS CATALOG FOR ROUGH TERRAIN CRANE

RT35-2 ROUGH TERRAIN CRANE
2025-09-12 08:15:34,951 - INFO - Действие: start_new_block
2025-09-12 08:15:34,954 - INFO - Создан PDF: /root/PDF_api/documents_pdf/case_for_tests/D00755700000020000Y.pdf
2025-09-12 08:15:34,955 - INFO - [Builder] Новый блок: SPARE PARTS CATALOG FOR ROUGH TERRAIN CRANE

RT35-2 ROUGH TERRAIN CRANE D00755700000020000Y, страницы=[4]
2025-09-12 08:15:34,955 - INFO - Блок после start_new_block: current_key=SPARE PARTS CATALOG FOR ROUGH TERRAIN CRANE

RT35-2 ROUGH TERRAIN CRANE D00755700000020000Y, страницы=[4]
2025-09-12 08:15:34,955 - INFO - Действие: add_specification (drawing_specification)
2025-09-12 08:15:34,955 - INFO - Блок после add_specification: current_key=SPARE PARTS CATALOG FOR ROUGH TERRAIN CRANE

RT35-2 ROUGH TERRAIN CRANE D00755700000020000Y, страницы=[4]
2025-09-12 08:15:34,955 - INFO - Обработка страницы 5
2025-09-12 08:15:34,955 - INFO - Вызов analyzer.classify_with_minicpm для страницы 5
2025-09-12 08:15:34,955 - INFO - [MiniCPM] Классификация страницы 5 начата
2025-09-12 08:15:34,958 - INFO - [MiniCPM] Извлечён код=D00755700000020000Y, заголовок=SPARE PARTS CATALOG FOR ROUGH TERRAIN CRANE

RT35-2 ROUGH TERRAIN CRANE
2025-09-12 08:15:35,597 - INFO - [MiniCPM] Регулярка нашла код, предварительный тип: specification
2025-09-12 08:15:35,664 - INFO - [MiniCPM] Рендер страницы 5 в изображение завершён
2025-09-12 08:15:36,450 - INFO - [MiniCPM] MiniCPM вернул page_type=specification
2025-09-12 08:15:36,450 - INFO - Page 5: result from analyzer -> type=specification, code=D00755700000020000Y, title=SPARE PARTS CATALOG FOR ROUGH TERRAIN CRANE

RT35-2 ROUGH TERRAIN CRANE
2025-09-12 08:15:36,450 - INFO - Действие: add_specification (specification)
2025-09-12 08:15:36,450 - INFO - Блок после add_specification: current_key=SPARE PARTS CATALOG FOR ROUGH TERRAIN CRANE

RT35-2 ROUGH TERRAIN CRANE D00755700000020000Y, страницы=[4, 5]
2025-09-12 08:15:36,450 - INFO - Обработка страницы 6
2025-09-12 08:15:36,450 - INFO - Вызов analyzer.classify_with_minicpm для страницы 6
2025-09-12 08:15:36,450 - INFO - [MiniCPM] Классификация страницы 6 начата
2025-09-12 08:15:36,451 - INFO - [MiniCPM] Извлечён код=None, заголовок=None
2025-09-12 08:15:36,493 - INFO - [MiniCPM] Рендер страницы 6 для полного анализа
2025-09-12 08:15:37,548 - INFO - [MiniCPM] MiniCPM вернул: drawing,null,DISCHARGE CONVEYOR
2025-09-12 08:15:37,549 - INFO - [MiniCPM] Финальный результат: page_type=drawing, code=None, title=DISCHARGE CONVEYOR
2025-09-12 08:15:37,549 - INFO - Page 6: result from analyzer -> type=drawing, code=None, title=DISCHARGE CONVEYOR
2025-09-12 08:15:37,549 - INFO - Действие: start_new_block
2025-09-12 08:15:37,552 - INFO - Создан PDF: /root/PDF_api/documents_pdf/case_for_tests/SPARE PARTS CATALOG FOR ROUGH TERRAIN CRANE

RT35-2 ROUGH TERRAIN CRANE D00755700000020000Y.pdf
2025-09-12 08:15:37,552 - INFO - [Builder] Новый блок: DISCHARGE CONVEYOR, страницы=[6]
2025-09-12 08:15:37,552 - INFO - Блок после start_new_block: current_key=DISCHARGE CONVEYOR, страницы=[6]
2025-09-12 08:15:37,552 - INFO - Обработка страницы 7
2025-09-12 08:15:37,552 - INFO - Вызов analyzer.classify_with_minicpm для страницы 7
2025-09-12 08:15:37,552 - INFO - [MiniCPM] Классификация страницы 7 начата
2025-09-12 08:15:37,553 - INFO - [MiniCPM] Извлечён код=None, заголовок=None
2025-09-12 08:15:37,604 - INFO - [MiniCPM] Рендер страницы 7 для полного анализа
2025-09-12 08:15:39,918 - INFO - [MiniCPM] MiniCPM вернул: specification,null,ZOOMLION SPARE PARTS CATALOG FOR ROUGH TERRAIN CRANE CHAPTER 2 BOOM SYSTEM
2025-09-12 08:15:39,919 - INFO - [MiniCPM] Финальный результат: page_type=specification, code=None, title=ZOOMLION SPARE PARTS CATALOG FOR ROUGH TERRAIN CRANE CHAPTER 2 BOOM SYSTEM
2025-09-12 08:15:39,919 - INFO - Page 7: result from analyzer -> type=specification, code=None, title=ZOOMLION SPARE PARTS CATALOG FOR ROUGH TERRAIN CRANE CHAPTER 2 BOOM SYSTEM
2025-09-12 08:15:39,919 - INFO - Действие: add_specification (specification)
2025-09-12 08:15:39,920 - INFO - Блок после add_specification: current_key=DISCHARGE CONVEYOR, страницы=[6]
2025-09-12 08:15:39,921 - INFO - Создан PDF: /root/PDF_api/documents_pdf/case_for_tests/DISCHARGE CONVEYOR.pdf
2025-09-12 08:15:39,921 - INFO - [Builder] Отброшены несопоставленные спецификации: ['ZOOMLION SPARE PARTS CATALOG FOR ROUGH TERRAIN CRANE CHAPTER 2 BOOM SYSTEM']
2025-09-12 08:15:39,921 - INFO - Финализация блоков, всего сгенерировано 4 файлов
2025-09-12 08:15:39,921 - INFO - Сгенерированные файлы: ['/root/PDF_api/documents_pdf/case_for_tests/ZOOMLION SPARE PARTS CATALOG FOR ROUGH TERRAIN CRANE.pdf', '/root/PDF_api/documents_pdf/case_for_tests/D00755700000020000Y.pdf', '/root/PDF_api/documents_pdf/case_for_tests/SPARE PARTS CATALOG FOR ROUGH TERRAIN CRANE\n\nRT35-2 ROUGH TERRAIN CRANE D00755700000020000Y.pdf', '/root/PDF_api/documents_pdf/case_for_tests/DISCHARGE CONVEYOR.pdf']
2025-09-12 08:15:39,921 - INFO - Сгенерированные файлы: ['/root/PDF_api/documents_pdf/case_for_tests/ZOOMLION SPARE PARTS CATALOG FOR ROUGH TERRAIN CRANE.pdf', '/root/PDF_api/documents_pdf/case_for_tests/D00755700000020000Y.pdf', '/root/PDF_api/documents_pdf/case_for_tests/SPARE PARTS CATALOG FOR ROUGH TERRAIN CRANE\n\nRT35-2 ROUGH TERRAIN CRANE D00755700000020000Y.pdf', '/root/PDF_api/documents_pdf/case_for_tests/DISCHARGE CONVEYOR.pdf']
2025-09-12 08:15:39,923 - INFO - Ресурсы PdfCatalogSplitter закрыты
2025-09-12 08:35:24,093 - INFO - Запуск обработки файла: /root/PDF_api/documents_pdf/case_for_tests/не правильно разделены страницы_RT35_9-16.pdf
2025-09-12 08:35:28,571 - INFO - Используется GPU: NVIDIA GeForce RTX 4090
2025-09-12 08:35:37,154 - INFO - Инициализация PdfCatalogSplitter для файла: /root/PDF_api/documents_pdf/case_for_tests/не правильно разделены страницы_RT35_9-16.pdf
2025-09-12 08:35:37,155 - INFO - Начало обработки PDF: 8 страниц всего
2025-09-12 08:35:37,155 - INFO - Обработка страницы 0
2025-09-12 08:35:37,155 - INFO - Вызов analyzer.classify_with_minicpm для страницы 0
2025-09-12 08:35:37,155 - INFO - [MiniCPM] Классификация страницы 0 начата
2025-09-12 08:35:37,167 - INFO - [MiniCPM] Извлечён код=D1130000414_100037Y, заголовок=6 Drivers cab
2025-09-12 08:35:37,708 - INFO - [MiniCPM] Регулярка нашла код, предварительный тип: drawing
2025-09-12 08:35:37,761 - INFO - [MiniCPM] Рендер страницы 0 в изображение завершён
2025-09-12 08:35:43,543 - INFO - [MiniCPM] MiniCPM вернул page_type=specification
2025-09-12 08:35:43,543 - INFO - Page 0: result from analyzer -> type=specification, code=D1130000414_100037Y, title=6 Drivers cab
2025-09-12 08:35:43,543 - INFO - Действие: add_specification (specification)
2025-09-12 08:35:43,544 - INFO - [Builder] Страница 0 пропущена: нет кода и названия
2025-09-12 08:35:43,544 - INFO - Блок после add_specification: current_key=None, страницы=[]
2025-09-12 08:35:43,544 - INFO - Обработка страницы 1
2025-09-12 08:35:43,544 - INFO - Вызов analyzer.classify_with_minicpm для страницы 1
2025-09-12 08:35:43,544 - INFO - [MiniCPM] Классификация страницы 1 начата
2025-09-12 08:35:43,546 - INFO - [MiniCPM] Извлечён код=None, заголовок=None
2025-09-12 08:35:43,602 - INFO - [MiniCPM] Рендер страницы 1 для полного анализа
2025-09-12 08:35:45,894 - INFO - [MiniCPM] MiniCPM вернул: drawing,null,ZOOMLION SPARE PARTS CATALOG FOR ROUGH TERRAIN CRANE CHAPTER I CRANE
2025-09-12 08:35:45,894 - INFO - [MiniCPM] Финальный результат: page_type=drawing, code=None, title=ZOOMLION SPARE PARTS CATALOG FOR ROUGH TERRAIN CRANE CHAPTER I CRANE
2025-09-12 08:35:45,894 - INFO - Page 1: result from analyzer -> type=drawing, code=None, title=ZOOMLION SPARE PARTS CATALOG FOR ROUGH TERRAIN CRANE CHAPTER I CRANE
2025-09-12 08:35:45,894 - INFO - Действие: start_new_block
2025-09-12 08:35:45,895 - INFO - [Builder] Новый блок: ZOOMLION SPARE PARTS CATALOG FOR ROUGH TERRAIN CRANE CHAPTER I CRANE, страницы=[1]
2025-09-12 08:35:45,895 - INFO - Блок после start_new_block: current_key=ZOOMLION SPARE PARTS CATALOG FOR ROUGH TERRAIN CRANE CHAPTER I CRANE, страницы=[1]
2025-09-12 08:35:45,895 - INFO - Обработка страницы 2
2025-09-12 08:35:45,895 - INFO - Вызов analyzer.classify_with_minicpm для страницы 2
2025-09-12 08:35:45,895 - INFO - [MiniCPM] Классификация страницы 2 начата
2025-09-12 08:35:46,009 - INFO - [MiniCPM] Извлечён код=D00755700000020000Y, заголовок=SPARE PARTS CATALOG FOR ROUGH TERRAIN CRANE

RT35-2 ROUGH TERRAIN CRANE
2025-09-12 08:35:52,884 - INFO - [MiniCPM] Регулярка нашла код, предварительный тип: drawing
2025-09-12 08:35:53,195 - INFO - [MiniCPM] Рендер страницы 2 в изображение завершён
2025-09-12 08:35:54,221 - INFO - [MiniCPM] MiniCPM вернул page_type=drawing_specification
2025-09-12 08:35:54,221 - INFO - Page 2: result from analyzer -> type=drawing_specification, code=D00755700000020000Y, title=SPARE PARTS CATALOG FOR ROUGH TERRAIN CRANE

RT35-2 ROUGH TERRAIN CRANE
2025-09-12 08:35:54,221 - INFO - Действие: start_new_block
2025-09-12 08:35:54,223 - INFO - Создан PDF: /root/PDF_api/documents_pdf/case_for_tests/ZOOMLION SPARE PARTS CATALOG FOR ROUGH TERRAIN CRANE CHAPTER I CRANE.pdf
2025-09-12 08:35:54,223 - INFO - [Builder] Новый блок: D00755700000020000Y, страницы=[2]
2025-09-12 08:35:54,223 - INFO - Блок после start_new_block: current_key=D00755700000020000Y, страницы=[2]
2025-09-12 08:35:54,223 - INFO - Действие: add_specification (drawing_specification)
2025-09-12 08:35:54,334 - INFO - Блок после add_specification: current_key=D00755700000020000Y, страницы=[2]
2025-09-12 08:35:54,334 - INFO - Обработка страницы 3
2025-09-12 08:35:54,334 - INFO - Вызов analyzer.classify_with_minicpm для страницы 3
2025-09-12 08:35:54,334 - INFO - [MiniCPM] Классификация страницы 3 начата
2025-09-12 08:35:54,341 - INFO - [MiniCPM] Извлечён код=D00755700000020000Y, заголовок=SPARE PARTS CATALOG FOR ROUGH TERRAIN CRANE

RT35-2 ROUGH TERRAIN CRANE
2025-09-12 08:35:55,198 - INFO - [MiniCPM] Регулярка нашла код, предварительный тип: specification
2025-09-12 08:35:55,280 - INFO - [MiniCPM] Рендер страницы 3 в изображение завершён
2025-09-12 08:35:56,257 - INFO - [MiniCPM] MiniCPM вернул page_type=specification
2025-09-12 08:35:56,257 - INFO - Page 3: result from analyzer -> type=specification, code=D00755700000020000Y, title=SPARE PARTS CATALOG FOR ROUGH TERRAIN CRANE

RT35-2 ROUGH TERRAIN CRANE
2025-09-12 08:35:56,257 - INFO - Действие: add_specification (specification)
2025-09-12 08:35:56,268 - INFO - Блок после add_specification: current_key=D00755700000020000Y, страницы=[2, 3]
2025-09-12 08:35:56,268 - INFO - Обработка страницы 4
2025-09-12 08:35:56,268 - INFO - Вызов analyzer.classify_with_minicpm для страницы 4
2025-09-12 08:35:56,268 - INFO - [MiniCPM] Классификация страницы 4 начата
2025-09-12 08:35:56,342 - INFO - [MiniCPM] Извлечён код=D00755700000020000Y, заголовок=SPARE PARTS CATALOG FOR ROUGH TERRAIN CRANE

RT35-2 ROUGH TERRAIN CRANE
2025-09-12 08:36:02,877 - INFO - [MiniCPM] Регулярка нашла код, предварительный тип: drawing
2025-09-12 08:36:03,144 - INFO - [MiniCPM] Рендер страницы 4 в изображение завершён
2025-09-12 08:36:03,740 - INFO - [MiniCPM] MiniCPM вернул page_type=drawing_specification
2025-09-12 08:36:03,740 - INFO - Page 4: result from analyzer -> type=drawing_specification, code=D00755700000020000Y, title=SPARE PARTS CATALOG FOR ROUGH TERRAIN CRANE

RT35-2 ROUGH TERRAIN CRANE
2025-09-12 08:36:03,740 - INFO - Действие: start_new_block
2025-09-12 08:36:03,743 - INFO - Создан PDF: /root/PDF_api/documents_pdf/case_for_tests/D00755700000020000Y.pdf
2025-09-12 08:36:03,744 - INFO - [Builder] Новый блок: SPARE PARTS CATALOG FOR ROUGH TERRAIN CRANE

RT35-2 ROUGH TERRAIN CRANE D00755700000020000Y, страницы=[4]
2025-09-12 08:36:03,744 - INFO - Блок после start_new_block: current_key=SPARE PARTS CATALOG FOR ROUGH TERRAIN CRANE

RT35-2 ROUGH TERRAIN CRANE D00755700000020000Y, страницы=[4]
2025-09-12 08:36:03,744 - INFO - Действие: add_specification (drawing_specification)
2025-09-12 08:36:03,744 - INFO - Блок после add_specification: current_key=SPARE PARTS CATALOG FOR ROUGH TERRAIN CRANE

RT35-2 ROUGH TERRAIN CRANE D00755700000020000Y, страницы=[4]
2025-09-12 08:36:03,744 - INFO - Обработка страницы 5
2025-09-12 08:36:03,744 - INFO - Вызов analyzer.classify_with_minicpm для страницы 5
2025-09-12 08:36:03,744 - INFO - [MiniCPM] Классификация страницы 5 начата
2025-09-12 08:36:03,747 - INFO - [MiniCPM] Извлечён код=D00755700000020000Y, заголовок=SPARE PARTS CATALOG FOR ROUGH TERRAIN CRANE

RT35-2 ROUGH TERRAIN CRANE
2025-09-12 08:36:04,450 - INFO - [MiniCPM] Регулярка нашла код, предварительный тип: specification
2025-09-12 08:36:04,516 - INFO - [MiniCPM] Рендер страницы 5 в изображение завершён
2025-09-12 08:36:05,073 - INFO - [MiniCPM] MiniCPM вернул page_type=specification
2025-09-12 08:36:05,073 - INFO - Page 5: result from analyzer -> type=specification, code=D00755700000020000Y, title=SPARE PARTS CATALOG FOR ROUGH TERRAIN CRANE

RT35-2 ROUGH TERRAIN CRANE
2025-09-12 08:36:05,073 - INFO - Действие: add_specification (specification)
2025-09-12 08:36:05,074 - INFO - Блок после add_specification: current_key=SPARE PARTS CATALOG FOR ROUGH TERRAIN CRANE

RT35-2 ROUGH TERRAIN CRANE D00755700000020000Y, страницы=[4, 5]
2025-09-12 08:36:05,074 - INFO - Обработка страницы 6
2025-09-12 08:36:05,074 - INFO - Вызов analyzer.classify_with_minicpm для страницы 6
2025-09-12 08:36:05,074 - INFO - [MiniCPM] Классификация страницы 6 начата
2025-09-12 08:36:05,074 - INFO - [MiniCPM] Извлечён код=None, заголовок=None
2025-09-12 08:36:05,123 - INFO - [MiniCPM] Рендер страницы 6 для полного анализа
2025-09-12 08:36:05,698 - INFO - [MiniCPM] MiniCPM вернул: ignore,null,null
2025-09-12 08:36:05,698 - INFO - [MiniCPM] Финальный результат: page_type=ignore, code=None, title=None
2025-09-12 08:36:05,698 - INFO - Page 6: result from analyzer -> type=ignore, code=None, title=None
2025-09-12 08:36:05,698 - INFO - Page 6: ignored
2025-09-12 08:36:05,698 - INFO - Обработка страницы 7
2025-09-12 08:36:05,698 - INFO - Вызов analyzer.classify_with_minicpm для страницы 7
2025-09-12 08:36:05,698 - INFO - [MiniCPM] Классификация страницы 7 начата
2025-09-12 08:36:05,700 - INFO - [MiniCPM] Извлечён код=None, заголовок=None
2025-09-12 08:36:05,752 - INFO - [MiniCPM] Рендер страницы 7 для полного анализа
2025-09-12 08:36:07,327 - INFO - [MiniCPM] MiniCPM вернул: specification,null,ZOOMLION SPARE PARTS CATALOG FOR ROUGH TERRAIN CRANE CHAPTER 2 BOOM SYSTEM
2025-09-12 08:36:07,327 - INFO - [MiniCPM] Финальный результат: page_type=specification, code=None, title=ZOOMLION SPARE PARTS CATALOG FOR ROUGH TERRAIN CRANE CHAPTER 2 BOOM SYSTEM
2025-09-12 08:36:07,327 - INFO - Page 7: result from analyzer -> type=specification, code=None, title=ZOOMLION SPARE PARTS CATALOG FOR ROUGH TERRAIN CRANE CHAPTER 2 BOOM SYSTEM
2025-09-12 08:36:07,327 - INFO - Действие: add_specification (specification)
2025-09-12 08:36:07,328 - INFO - Блок после add_specification: current_key=SPARE PARTS CATALOG FOR ROUGH TERRAIN CRANE

RT35-2 ROUGH TERRAIN CRANE D00755700000020000Y, страницы=[4, 5]
2025-09-12 08:36:07,332 - INFO - Создан PDF: /root/PDF_api/documents_pdf/case_for_tests/SPARE PARTS CATALOG FOR ROUGH TERRAIN CRANE

RT35-2 ROUGH TERRAIN CRANE D00755700000020000Y.pdf
2025-09-12 08:36:07,332 - INFO - [Builder] Отброшены несопоставленные спецификации: ['ZOOMLION SPARE PARTS CATALOG FOR ROUGH TERRAIN CRANE CHAPTER 2 BOOM SYSTEM']
2025-09-12 08:36:07,333 - INFO - Финализация блоков, всего сгенерировано 3 файлов
2025-09-12 08:36:07,333 - INFO - Сгенерированные файлы: ['/root/PDF_api/documents_pdf/case_for_tests/ZOOMLION SPARE PARTS CATALOG FOR ROUGH TERRAIN CRANE CHAPTER I CRANE.pdf', '/root/PDF_api/documents_pdf/case_for_tests/D00755700000020000Y.pdf', '/root/PDF_api/documents_pdf/case_for_tests/SPARE PARTS CATALOG FOR ROUGH TERRAIN CRANE\n\nRT35-2 ROUGH TERRAIN CRANE D00755700000020000Y.pdf']
2025-09-12 08:36:07,333 - INFO - Сгенерированные файлы: ['/root/PDF_api/documents_pdf/case_for_tests/ZOOMLION SPARE PARTS CATALOG FOR ROUGH TERRAIN CRANE CHAPTER I CRANE.pdf', '/root/PDF_api/documents_pdf/case_for_tests/D00755700000020000Y.pdf', '/root/PDF_api/documents_pdf/case_for_tests/SPARE PARTS CATALOG FOR ROUGH TERRAIN CRANE\n\nRT35-2 ROUGH TERRAIN CRANE D00755700000020000Y.pdf']
2025-09-12 08:36:07,337 - INFO - Ресурсы PdfCatalogSplitter закрыты
2025-09-29 10:53:28,150 - INFO - Запуск обработки файла: /root/Split_Pdf/for_test/26_QUY260CR 32Y Crawler Crane Spare parts catalog-248-278.pdf
2025-09-29 10:53:33,060 - INFO - Используется GPU: NVIDIA GeForce RTX 4090
2025-09-29 10:53:46,420 - INFO - Инициализация PdfCatalogSplitter для файла: /root/Split_Pdf/for_test/26_QUY260CR 32Y Crawler Crane Spare parts catalog-248-278.pdf
2025-09-29 10:53:46,420 - INFO - Начало обработки PDF: 31 страниц всего
2025-09-29 10:53:46,420 - INFO - Обработка страницы 0
2025-09-29 10:53:46,420 - INFO - Вызов analyzer.classify_with_minicpm для страницы 0
2025-09-29 10:53:46,420 - INFO - [MiniCPM] Классификация страницы 0 начата
2025-09-29 10:53:46,430 - INFO - [MiniCPM] Извлечён код=None, заголовок=None
2025-09-29 10:53:46,518 - INFO - [MiniCPM] Рендер страницы 0 для полного анализа
2025-09-29 10:53:52,356 - INFO - [MiniCPM] MiniCPM вернул: drawing,Chapter 6 Outer Parts,ZOOMLION
2025-09-29 10:53:52,356 - INFO - [MiniCPM] Финальный результат: page_type=drawing, code=Chapter 6 Outer Parts, title=ZOOMLION
2025-09-29 10:53:52,356 - INFO - Page 0: result from analyzer -> type=drawing, code=Chapter 6 Outer Parts, title=ZOOMLION
2025-09-29 10:53:52,356 - INFO - Действие: start_new_block
2025-09-29 10:53:52,357 - INFO - [Builder] Страница 0 пропущена: нет кода и названия
2025-09-29 10:53:52,357 - INFO - Блок после start_new_block: current_key=None, страницы=[]
2025-09-29 10:53:52,357 - INFO - Обработка страницы 1
2025-09-29 10:53:52,357 - INFO - Вызов analyzer.classify_with_minicpm для страницы 1
2025-09-29 10:53:52,357 - INFO - [MiniCPM] Классификация страницы 1 начата
2025-09-29 10:53:52,357 - INFO - [MiniCPM] Извлечён код=None, заголовок=None
2025-09-29 10:53:52,406 - INFO - [MiniCPM] Рендер страницы 1 для полного анализа
2025-09-29 10:53:53,334 - INFO - [MiniCPM] MiniCPM вернул: ignore,null,ZOOMLION
2025-09-29 10:53:53,334 - INFO - [MiniCPM] Финальный результат: page_type=ignore, code=None, title=ZOOMLION
2025-09-29 10:53:53,334 - INFO - Page 1: result from analyzer -> type=ignore, code=None, title=ZOOMLION
2025-09-29 10:53:53,334 - INFO - Page 1: ignored
2025-09-29 10:53:53,334 - INFO - Обработка страницы 2
2025-09-29 10:53:53,334 - INFO - Вызов analyzer.classify_with_minicpm для страницы 2
2025-09-29 10:53:53,334 - INFO - [MiniCPM] Классификация страницы 2 начата
2025-09-29 10:53:53,344 - INFO - [MiniCPM] Извлечён код=D1130000067Y, заголовок=1  Operators cab
2025-09-29 10:53:53,909 - INFO - [MiniCPM] Регулярка нашла код, предварительный тип: drawing
2025-09-29 10:53:53,959 - INFO - [MiniCPM] Рендер страницы 2 в изображение завершён
2025-09-29 10:53:54,711 - INFO - [MiniCPM] MiniCPM вернул page_type=specification
2025-09-29 10:53:54,711 - INFO - Page 2: result from analyzer -> type=specification, code=D1130000067Y, title=1  Operators cab
2025-09-29 10:53:54,711 - INFO - Действие: add_specification (specification)
2025-09-29 10:53:54,711 - INFO - Блок после add_specification: current_key=None, страницы=[]
2025-09-29 10:53:54,711 - INFO - Обработка страницы 3
2025-09-29 10:53:54,711 - INFO - Вызов analyzer.classify_with_minicpm для страницы 3
2025-09-29 10:53:54,711 - INFO - [MiniCPM] Классификация страницы 3 начата
2025-09-29 10:53:54,712 - INFO - [MiniCPM] Извлечён код=D1130000067Y, заголовок=6-1 
OPERATORS CAB-1
2025-09-29 10:53:55,230 - INFO - [MiniCPM] Регулярка нашла код, предварительный тип: specification
2025-09-29 10:53:55,292 - INFO - [MiniCPM] Рендер страницы 3 в изображение завершён
2025-09-29 10:53:55,950 - INFO - [MiniCPM] MiniCPM вернул page_type=drawing_specification
2025-09-29 10:53:55,951 - INFO - Page 3: result from analyzer -> type=drawing_specification, code=D1130000067Y, title=6-1 
OPERATORS CAB-1
2025-09-29 10:53:55,951 - INFO - Действие: start_new_block
2025-09-29 10:53:55,951 - INFO - [Builder] Новый блок: D1130000067Y, страницы=[3, 2]
2025-09-29 10:53:55,951 - INFO - Блок после start_new_block: current_key=D1130000067Y, страницы=[3, 2]
2025-09-29 10:53:55,951 - INFO - Действие: add_specification (drawing_specification)
2025-09-29 10:53:55,952 - INFO - Блок после add_specification: current_key=D1130000067Y, страницы=[3, 2]
2025-09-29 10:53:55,957 - INFO - Обработка страницы 4
2025-09-29 10:53:55,957 - INFO - Вызов analyzer.classify_with_minicpm для страницы 4
2025-09-29 10:53:55,957 - INFO - [MiniCPM] Классификация страницы 4 начата
2025-09-29 10:53:55,959 - INFO - [MiniCPM] Извлечён код=D1130000067Y, заголовок=6-2 
OPERATORS CAB-2
2025-09-29 10:53:56,544 - INFO - [MiniCPM] Регулярка нашла код, предварительный тип: specification
2025-09-29 10:53:56,610 - INFO - [MiniCPM] Рендер страницы 4 в изображение завершён
2025-09-29 10:53:57,222 - INFO - [MiniCPM] MiniCPM вернул page_type=drawing_specification
2025-09-29 10:53:57,222 - INFO - Page 4: result from analyzer -> type=drawing_specification, code=D1130000067Y, title=6-2 
OPERATORS CAB-2
2025-09-29 10:53:57,222 - INFO - Действие: start_new_block
2025-09-29 10:53:57,232 - INFO - Создан PDF: /root/Split_Pdf/for_test/rezult/D1130000067Y.pdf
2025-09-29 10:53:57,232 - INFO - [Builder] Новый блок: 6-2 
OPERATORS CAB-2 D1130000067Y, страницы=[4]
2025-09-29 10:53:57,232 - INFO - Блок после start_new_block: current_key=6-2 
OPERATORS CAB-2 D1130000067Y, страницы=[4]
2025-09-29 10:53:57,232 - INFO - Действие: add_specification (drawing_specification)
2025-09-29 10:53:57,232 - INFO - Блок после add_specification: current_key=6-2 
OPERATORS CAB-2 D1130000067Y, страницы=[4]
2025-09-29 10:53:57,232 - INFO - Обработка страницы 5
2025-09-29 10:53:57,232 - INFO - Вызов analyzer.classify_with_minicpm для страницы 5
2025-09-29 10:53:57,232 - INFO - [MiniCPM] Классификация страницы 5 начата
2025-09-29 10:53:57,234 - INFO - [MiniCPM] Извлечён код=D1130000067Y, заголовок=6-3 
OPERATORS CAB-3
2025-09-29 10:53:57,873 - INFO - [MiniCPM] Регулярка нашла код, предварительный тип: specification
2025-09-29 10:53:57,944 - INFO - [MiniCPM] Рендер страницы 5 в изображение завершён
2025-09-29 10:53:58,565 - INFO - [MiniCPM] MiniCPM вернул page_type=drawing_specification
2025-09-29 10:53:58,565 - INFO - Page 5: result from analyzer -> type=drawing_specification, code=D1130000067Y, title=6-3 
OPERATORS CAB-3
2025-09-29 10:53:58,565 - INFO - Действие: start_new_block
2025-09-29 10:53:58,566 - INFO - Создан PDF: /root/Split_Pdf/for_test/rezult/6-2 
OPERATORS CAB-2 D1130000067Y.pdf
2025-09-29 10:53:58,566 - INFO - [Builder] Новый блок: 6-3 
OPERATORS CAB-3 D1130000067Y, страницы=[5]
2025-09-29 10:53:58,566 - INFO - Блок после start_new_block: current_key=6-3 
OPERATORS CAB-3 D1130000067Y, страницы=[5]
2025-09-29 10:53:58,566 - INFO - Действие: add_specification (drawing_specification)
2025-09-29 10:53:58,566 - INFO - Блок после add_specification: current_key=6-3 
OPERATORS CAB-3 D1130000067Y, страницы=[5]
2025-09-29 10:53:58,566 - INFO - Обработка страницы 6
2025-09-29 10:53:58,566 - INFO - Вызов analyzer.classify_with_minicpm для страницы 6
2025-09-29 10:53:58,567 - INFO - [MiniCPM] Классификация страницы 6 начата
2025-09-29 10:53:58,568 - INFO - [MiniCPM] Извлечён код=D1130000067Y, заголовок=6-4 
OPERATORS CAB-4
2025-09-29 10:53:59,348 - INFO - [MiniCPM] Регулярка нашла код, предварительный тип: specification
2025-09-29 10:53:59,413 - INFO - [MiniCPM] Рендер страницы 6 в изображение завершён
2025-09-29 10:54:00,032 - INFO - [MiniCPM] MiniCPM вернул page_type=drawing_specification
2025-09-29 10:54:00,032 - INFO - Page 6: result from analyzer -> type=drawing_specification, code=D1130000067Y, title=6-4 
OPERATORS CAB-4
2025-09-29 10:54:00,032 - INFO - Действие: start_new_block
2025-09-29 10:54:00,034 - INFO - Создан PDF: /root/Split_Pdf/for_test/rezult/6-3 
OPERATORS CAB-3 D1130000067Y.pdf
2025-09-29 10:54:00,034 - INFO - [Builder] Новый блок: 6-4 
OPERATORS CAB-4 D1130000067Y, страницы=[6]
2025-09-29 10:54:00,034 - INFO - Блок после start_new_block: current_key=6-4 
OPERATORS CAB-4 D1130000067Y, страницы=[6]
2025-09-29 10:54:00,034 - INFO - Действие: add_specification (drawing_specification)
2025-09-29 10:54:00,034 - INFO - Блок после add_specification: current_key=6-4 
OPERATORS CAB-4 D1130000067Y, страницы=[6]
2025-09-29 10:54:00,034 - INFO - Обработка страницы 7
2025-09-29 10:54:00,034 - INFO - Вызов analyzer.classify_with_minicpm для страницы 7
2025-09-29 10:54:00,034 - INFO - [MiniCPM] Классификация страницы 7 начата
2025-09-29 10:54:00,035 - INFO - [MiniCPM] Извлечён код=D1130000067Y, заголовок=6-5 
OPERATORS CAB-4
2025-09-29 10:54:00,528 - INFO - [MiniCPM] Регулярка нашла код, предварительный тип: specification
2025-09-29 10:54:00,574 - INFO - [MiniCPM] Рендер страницы 7 в изображение завершён
2025-09-29 10:54:01,146 - INFO - [MiniCPM] MiniCPM вернул page_type=specification
2025-09-29 10:54:01,146 - INFO - Page 7: result from analyzer -> type=specification, code=D1130000067Y, title=6-5 
OPERATORS CAB-4
2025-09-29 10:54:01,146 - INFO - Действие: add_specification (specification)
2025-09-29 10:54:01,148 - INFO - Блок после add_specification: current_key=6-4 
OPERATORS CAB-4 D1130000067Y, страницы=[6, 7]
2025-09-29 10:54:01,148 - INFO - Обработка страницы 8
2025-09-29 10:54:01,148 - INFO - Вызов analyzer.classify_with_minicpm для страницы 8
2025-09-29 10:54:01,148 - INFO - [MiniCPM] Классификация страницы 8 начата
2025-09-29 10:54:01,149 - INFO - [MiniCPM] Извлечён код=D1130000067Y, заголовок=6-6 
OPERATORS CAB-5
2025-09-29 10:54:01,730 - INFO - [MiniCPM] Регулярка нашла код, предварительный тип: specification
2025-09-29 10:54:01,800 - INFO - [MiniCPM] Рендер страницы 8 в изображение завершён
2025-09-29 10:54:02,409 - INFO - [MiniCPM] MiniCPM вернул page_type=drawing_specification
2025-09-29 10:54:02,409 - INFO - Page 8: result from analyzer -> type=drawing_specification, code=D1130000067Y, title=6-6 
OPERATORS CAB-5
2025-09-29 10:54:02,409 - INFO - Действие: start_new_block
2025-09-29 10:54:02,411 - INFO - Создан PDF: /root/Split_Pdf/for_test/rezult/6-4 
OPERATORS CAB-4 D1130000067Y.pdf
2025-09-29 10:54:02,411 - INFO - [Builder] Новый блок: 6-6 
OPERATORS CAB-5 D1130000067Y, страницы=[8]
2025-09-29 10:54:02,411 - INFO - Блок после start_new_block: current_key=6-6 
OPERATORS CAB-5 D1130000067Y, страницы=[8]
2025-09-29 10:54:02,411 - INFO - Действие: add_specification (drawing_specification)
2025-09-29 10:54:02,411 - INFO - Блок после add_specification: current_key=6-6 
OPERATORS CAB-5 D1130000067Y, страницы=[8]
2025-09-29 10:54:02,411 - INFO - Обработка страницы 9
2025-09-29 10:54:02,411 - INFO - Вызов analyzer.classify_with_minicpm для страницы 9
2025-09-29 10:54:02,411 - INFO - [MiniCPM] Классификация страницы 9 начата
2025-09-29 10:54:02,413 - INFO - [MiniCPM] Извлечён код=D1130000067Y, заголовок=6-7 
OPERATORS CAB-5
2025-09-29 10:54:03,003 - INFO - [MiniCPM] Регулярка нашла код, предварительный тип: specification
2025-09-29 10:54:03,057 - INFO - [MiniCPM] Рендер страницы 9 в изображение завершён
2025-09-29 10:54:03,634 - INFO - [MiniCPM] MiniCPM вернул page_type=specification
2025-09-29 10:54:03,634 - INFO - Page 9: result from analyzer -> type=specification, code=D1130000067Y, title=6-7 
OPERATORS CAB-5
2025-09-29 10:54:03,634 - INFO - Действие: add_specification (specification)
2025-09-29 10:54:03,637 - INFO - Блок после add_specification: current_key=6-6 
OPERATORS CAB-5 D1130000067Y, страницы=[8, 9]
2025-09-29 10:54:03,637 - INFO - Обработка страницы 10
2025-09-29 10:54:03,637 - INFO - Вызов analyzer.classify_with_minicpm для страницы 10
2025-09-29 10:54:03,637 - INFO - [MiniCPM] Классификация страницы 10 начата
2025-09-29 10:54:03,639 - INFO - [MiniCPM] Извлечён код=D1130000067Y, заголовок=6-8 
OPERATORS CAB-6
2025-09-29 10:54:04,209 - INFO - [MiniCPM] Регулярка нашла код, предварительный тип: specification
2025-09-29 10:54:04,273 - INFO - [MiniCPM] Рендер страницы 10 в изображение завершён
2025-09-29 10:54:04,879 - INFO - [MiniCPM] MiniCPM вернул page_type=drawing_specification
2025-09-29 10:54:04,879 - INFO - Page 10: result from analyzer -> type=drawing_specification, code=D1130000067Y, title=6-8 
OPERATORS CAB-6
2025-09-29 10:54:04,879 - INFO - Действие: start_new_block
2025-09-29 10:54:04,881 - INFO - Создан PDF: /root/Split_Pdf/for_test/rezult/6-6 
OPERATORS CAB-5 D1130000067Y.pdf
2025-09-29 10:54:04,881 - INFO - [Builder] Новый блок: 6-8 
OPERATORS CAB-6 D1130000067Y, страницы=[10]
2025-09-29 10:54:04,881 - INFO - Блок после start_new_block: current_key=6-8 
OPERATORS CAB-6 D1130000067Y, страницы=[10]
2025-09-29 10:54:04,881 - INFO - Действие: add_specification (drawing_specification)
2025-09-29 10:54:04,881 - INFO - Блок после add_specification: current_key=6-8 
OPERATORS CAB-6 D1130000067Y, страницы=[10]
2025-09-29 10:54:04,881 - INFO - Обработка страницы 11
2025-09-29 10:54:04,881 - INFO - Вызов analyzer.classify_with_minicpm для страницы 11
2025-09-29 10:54:04,881 - INFO - [MiniCPM] Классификация страницы 11 начата
2025-09-29 10:54:04,883 - INFO - [MiniCPM] Извлечён код=D1130000067Y, заголовок=6-9 
OPERATORS CAB-7
2025-09-29 10:54:05,467 - INFO - [MiniCPM] Регулярка нашла код, предварительный тип: specification
2025-09-29 10:54:05,537 - INFO - [MiniCPM] Рендер страницы 11 в изображение завершён
2025-09-29 10:54:06,167 - INFO - [MiniCPM] MiniCPM вернул page_type=drawing_specification
2025-09-29 10:54:06,167 - INFO - Page 11: result from analyzer -> type=drawing_specification, code=D1130000067Y, title=6-9 
OPERATORS CAB-7
2025-09-29 10:54:06,167 - INFO - Действие: start_new_block
2025-09-29 10:54:06,168 - INFO - Создан PDF: /root/Split_Pdf/for_test/rezult/6-8 
OPERATORS CAB-6 D1130000067Y.pdf
2025-09-29 10:54:06,168 - INFO - [Builder] Новый блок: 6-9 
OPERATORS CAB-7 D1130000067Y, страницы=[11]
2025-09-29 10:54:06,168 - INFO - Блок после start_new_block: current_key=6-9 
OPERATORS CAB-7 D1130000067Y, страницы=[11]
2025-09-29 10:54:06,168 - INFO - Действие: add_specification (drawing_specification)
2025-09-29 10:54:06,168 - INFO - Блок после add_specification: current_key=6-9 
OPERATORS CAB-7 D1130000067Y, страницы=[11]
2025-09-29 10:54:06,168 - INFO - Обработка страницы 12
2025-09-29 10:54:06,168 - INFO - Вызов analyzer.classify_with_minicpm для страницы 12
2025-09-29 10:54:06,169 - INFO - [MiniCPM] Классификация страницы 12 начата
2025-09-29 10:54:06,169 - INFO - [MiniCPM] Извлечён код=D1130000067Y, заголовок=6-10 
OPERATORS CAB-7
2025-09-29 10:54:06,639 - INFO - [MiniCPM] Регулярка нашла код, предварительный тип: specification
2025-09-29 10:54:06,685 - INFO - [MiniCPM] Рендер страницы 12 в изображение завершён
2025-09-29 10:54:07,251 - INFO - [MiniCPM] MiniCPM вернул page_type=specification
2025-09-29 10:54:07,251 - INFO - Page 12: result from analyzer -> type=specification, code=D1130000067Y, title=6-10 
OPERATORS CAB-7
2025-09-29 10:54:07,251 - INFO - Действие: add_specification (specification)
2025-09-29 10:54:07,253 - INFO - Блок после add_specification: current_key=6-9 
OPERATORS CAB-7 D1130000067Y, страницы=[11, 12]
2025-09-29 10:54:07,253 - INFO - Обработка страницы 13
2025-09-29 10:54:07,253 - INFO - Вызов analyzer.classify_with_minicpm для страницы 13
2025-09-29 10:54:07,253 - INFO - [MiniCPM] Классификация страницы 13 начата
2025-09-29 10:54:07,254 - INFO - [MiniCPM] Извлечён код=D1130000067Y, заголовок=6-11 
OPERATORS CAB-8
2025-09-29 10:54:07,833 - INFO - [MiniCPM] Регулярка нашла код, предварительный тип: specification
2025-09-29 10:54:07,905 - INFO - [MiniCPM] Рендер страницы 13 в изображение завершён
2025-09-29 10:54:08,504 - INFO - [MiniCPM] MiniCPM вернул page_type=drawing_specification
2025-09-29 10:54:08,504 - INFO - Page 13: result from analyzer -> type=drawing_specification, code=D1130000067Y, title=6-11 
OPERATORS CAB-8
2025-09-29 10:54:08,504 - INFO - Действие: start_new_block
2025-09-29 10:54:08,505 - INFO - Создан PDF: /root/Split_Pdf/for_test/rezult/6-9 
OPERATORS CAB-7 D1130000067Y.pdf
2025-09-29 10:54:08,506 - INFO - [Builder] Новый блок: 6-11 
OPERATORS CAB-8 D1130000067Y, страницы=[13]
2025-09-29 10:54:08,506 - INFO - Блок после start_new_block: current_key=6-11 
OPERATORS CAB-8 D1130000067Y, страницы=[13]
2025-09-29 10:54:08,506 - INFO - Действие: add_specification (drawing_specification)
2025-09-29 10:54:08,506 - INFO - Блок после add_specification: current_key=6-11 
OPERATORS CAB-8 D1130000067Y, страницы=[13]
2025-09-29 10:54:08,506 - INFO - Обработка страницы 14
2025-09-29 10:54:08,506 - INFO - Вызов analyzer.classify_with_minicpm для страницы 14
2025-09-29 10:54:08,506 - INFO - [MiniCPM] Классификация страницы 14 начата
2025-09-29 10:54:08,507 - INFO - [MiniCPM] Извлечён код=D1130000067Y, заголовок=6-12 
OPERATORS CAB-8
2025-09-29 10:54:08,977 - INFO - [MiniCPM] Регулярка нашла код, предварительный тип: specification
2025-09-29 10:54:09,039 - INFO - [MiniCPM] Рендер страницы 14 в изображение завершён
2025-09-29 10:54:09,603 - INFO - [MiniCPM] MiniCPM вернул page_type=specification
2025-09-29 10:54:09,603 - INFO - Page 14: result from analyzer -> type=specification, code=D1130000067Y, title=6-12 
OPERATORS CAB-8
2025-09-29 10:54:09,603 - INFO - Действие: add_specification (specification)
2025-09-29 10:54:09,605 - INFO - Блок после add_specification: current_key=6-11 
OPERATORS CAB-8 D1130000067Y, страницы=[13, 14]
2025-09-29 10:54:09,605 - INFO - Обработка страницы 15
2025-09-29 10:54:09,605 - INFO - Вызов analyzer.classify_with_minicpm для страницы 15
2025-09-29 10:54:09,605 - INFO - [MiniCPM] Классификация страницы 15 начата
2025-09-29 10:54:09,606 - INFO - [MiniCPM] Извлечён код=D1130000067Y, заголовок=6-13 
OPERATORS CAB-9
2025-09-29 10:54:10,197 - INFO - [MiniCPM] Регулярка нашла код, предварительный тип: specification
2025-09-29 10:54:10,268 - INFO - [MiniCPM] Рендер страницы 15 в изображение завершён
2025-09-29 10:54:10,875 - INFO - [MiniCPM] MiniCPM вернул page_type=drawing_specification
2025-09-29 10:54:10,875 - INFO - Page 15: result from analyzer -> type=drawing_specification, code=D1130000067Y, title=6-13 
OPERATORS CAB-9
2025-09-29 10:54:10,875 - INFO - Действие: start_new_block
2025-09-29 10:54:10,877 - INFO - Создан PDF: /root/Split_Pdf/for_test/rezult/6-11 
OPERATORS CAB-8 D1130000067Y.pdf
2025-09-29 10:54:10,877 - INFO - [Builder] Новый блок: 6-13 
OPERATORS CAB-9 D1130000067Y, страницы=[15]
2025-09-29 10:54:10,877 - INFO - Блок после start_new_block: current_key=6-13 
OPERATORS CAB-9 D1130000067Y, страницы=[15]
2025-09-29 10:54:10,877 - INFO - Действие: add_specification (drawing_specification)
2025-09-29 10:54:10,877 - INFO - Блок после add_specification: current_key=6-13 
OPERATORS CAB-9 D1130000067Y, страницы=[15]
2025-09-29 10:54:10,877 - INFO - Обработка страницы 16
2025-09-29 10:54:10,877 - INFO - Вызов analyzer.classify_with_minicpm для страницы 16
2025-09-29 10:54:10,877 - INFO - [MiniCPM] Классификация страницы 16 начата
2025-09-29 10:54:10,878 - INFO - [MiniCPM] Извлечён код=D1130000067Y, заголовок=6-14 
OPERATORS CAB-9
2025-09-29 10:54:11,383 - INFO - [MiniCPM] Регулярка нашла код, предварительный тип: specification
2025-09-29 10:54:11,431 - INFO - [MiniCPM] Рендер страницы 16 в изображение завершён
2025-09-29 10:54:12,001 - INFO - [MiniCPM] MiniCPM вернул page_type=specification
2025-09-29 10:54:12,001 - INFO - Page 16: result from analyzer -> type=specification, code=D1130000067Y, title=6-14 
OPERATORS CAB-9
2025-09-29 10:54:12,001 - INFO - Действие: add_specification (specification)
2025-09-29 10:54:12,003 - INFO - Блок после add_specification: current_key=6-13 
OPERATORS CAB-9 D1130000067Y, страницы=[15, 16]
2025-09-29 10:54:12,003 - INFO - Обработка страницы 17
2025-09-29 10:54:12,003 - INFO - Вызов analyzer.classify_with_minicpm для страницы 17
2025-09-29 10:54:12,003 - INFO - [MiniCPM] Классификация страницы 17 начата
2025-09-29 10:54:12,004 - INFO - [MiniCPM] Извлечён код=D1130000067Y, заголовок=6-15 
OPERATORS CAB-10
2025-09-29 10:54:12,524 - INFO - [MiniCPM] Регулярка нашла код, предварительный тип: specification
2025-09-29 10:54:12,580 - INFO - [MiniCPM] Рендер страницы 17 в изображение завершён
2025-09-29 10:54:13,184 - INFO - [MiniCPM] MiniCPM вернул page_type=drawing_specification
2025-09-29 10:54:13,184 - INFO - Page 17: result from analyzer -> type=drawing_specification, code=D1130000067Y, title=6-15 
OPERATORS CAB-10
2025-09-29 10:54:13,184 - INFO - Действие: start_new_block
2025-09-29 10:54:13,186 - INFO - Создан PDF: /root/Split_Pdf/for_test/rezult/6-13 
OPERATORS CAB-9 D1130000067Y.pdf
2025-09-29 10:54:13,186 - INFO - [Builder] Новый блок: 6-15 
OPERATORS CAB-10 D1130000067Y, страницы=[17]
2025-09-29 10:54:13,186 - INFO - Блок после start_new_block: current_key=6-15 
OPERATORS CAB-10 D1130000067Y, страницы=[17]
2025-09-29 10:54:13,186 - INFO - Действие: add_specification (drawing_specification)
2025-09-29 10:54:13,186 - INFO - Блок после add_specification: current_key=6-15 
OPERATORS CAB-10 D1130000067Y, страницы=[17]
2025-09-29 10:54:13,186 - INFO - Обработка страницы 18
2025-09-29 10:54:13,186 - INFO - Вызов analyzer.classify_with_minicpm для страницы 18
2025-09-29 10:54:13,186 - INFO - [MiniCPM] Классификация страницы 18 начата
2025-09-29 10:54:13,187 - INFO - [MiniCPM] Извлечён код=None, заголовок=None
2025-09-29 10:54:13,230 - INFO - [MiniCPM] Рендер страницы 18 для полного анализа
2025-09-29 10:54:13,971 - INFO - [MiniCPM] MiniCPM вернул: ignore,null,ZOOMLION
2025-09-29 10:54:13,971 - INFO - [MiniCPM] Финальный результат: page_type=ignore, code=None, title=ZOOMLION
2025-09-29 10:54:13,971 - INFO - Page 18: result from analyzer -> type=ignore, code=None, title=ZOOMLION
2025-09-29 10:54:13,971 - INFO - Page 18: ignored
2025-09-29 10:54:13,972 - INFO - Обработка страницы 19
2025-09-29 10:54:13,972 - INFO - Вызов analyzer.classify_with_minicpm для страницы 19
2025-09-29 10:54:13,972 - INFO - [MiniCPM] Классификация страницы 19 начата
2025-09-29 10:54:13,973 - INFO - [MiniCPM] Извлечён код=None, заголовок=None
2025-09-29 10:54:14,046 - INFO - [MiniCPM] Рендер страницы 19 для полного анализа
2025-09-29 10:54:15,178 - INFO - [MiniCPM] MiniCPM вернул: drawing,D100000004Y,DIESEL ENGINE
2025-09-29 10:54:15,178 - INFO - [MiniCPM] Финальный результат: page_type=drawing, code=D100000004Y, title=DIESEL ENGINE
2025-09-29 10:54:15,178 - INFO - Page 19: result from analyzer -> type=drawing, code=D100000004Y, title=DIESEL ENGINE
2025-09-29 10:54:15,179 - INFO - Действие: start_new_block
2025-09-29 10:54:15,180 - INFO - Создан PDF: /root/Split_Pdf/for_test/rezult/6-15 
OPERATORS CAB-10 D1130000067Y.pdf
2025-09-29 10:54:15,180 - INFO - [Builder] Новый блок: D100000004Y, страницы=[19]
2025-09-29 10:54:15,180 - INFO - Блок после start_new_block: current_key=D100000004Y, страницы=[19]
2025-09-29 10:54:15,180 - INFO - Обработка страницы 20
2025-09-29 10:54:15,180 - INFO - Вызов analyzer.classify_with_minicpm для страницы 20
2025-09-29 10:54:15,180 - INFO - [MiniCPM] Классификация страницы 20 начата
2025-09-29 10:54:15,188 - INFO - [MiniCPM] Извлечён код=D1000000004Y, заголовок=6-18 
DIESEL ENGINE
2025-09-29 10:54:15,679 - INFO - [MiniCPM] Регулярка нашла код, предварительный тип: specification
2025-09-29 10:54:15,728 - INFO - [MiniCPM] Рендер страницы 20 в изображение завершён
2025-09-29 10:54:16,306 - INFO - [MiniCPM] MiniCPM вернул page_type=specification
2025-09-29 10:54:16,306 - INFO - Page 20: result from analyzer -> type=specification, code=D1000000004Y, title=6-18 
DIESEL ENGINE
2025-09-29 10:54:16,306 - INFO - Действие: add_specification (specification)
2025-09-29 10:54:16,307 - INFO - Блок после add_specification: current_key=D100000004Y, страницы=[19, 20]
2025-09-29 10:54:16,307 - INFO - Обработка страницы 21
2025-09-29 10:54:16,307 - INFO - Вызов analyzer.classify_with_minicpm для страницы 21
2025-09-29 10:54:16,307 - INFO - [MiniCPM] Классификация страницы 21 начата
2025-09-29 10:54:16,308 - INFO - [MiniCPM] Извлечён код=None, заголовок=None
2025-09-29 10:54:16,377 - INFO - [MiniCPM] Рендер страницы 21 для полного анализа
2025-09-29 10:54:17,828 - INFO - [MiniCPM] MiniCPM вернул: drawing,D1010200089Y,A-FRAME ERECTION CYLINDER
2025-09-29 10:54:17,828 - INFO - [MiniCPM] Финальный результат: page_type=drawing, code=D1010200089Y, title=A-FRAME ERECTION CYLINDER
2025-09-29 10:54:17,828 - INFO - Page 21: result from analyzer -> type=drawing, code=D1010200089Y, title=A-FRAME ERECTION CYLINDER
2025-09-29 10:54:17,828 - INFO - Действие: start_new_block
2025-09-29 10:54:17,829 - INFO - Создан PDF: /root/Split_Pdf/for_test/rezult/D100000004Y.pdf
2025-09-29 10:54:17,829 - INFO - [Builder] Новый блок: D1010200089Y, страницы=[21]
2025-09-29 10:54:17,830 - INFO - Блок после start_new_block: current_key=D1010200089Y, страницы=[21]
2025-09-29 10:54:17,830 - INFO - Обработка страницы 22
2025-09-29 10:54:17,830 - INFO - Вызов analyzer.classify_with_minicpm для страницы 22
2025-09-29 10:54:17,830 - INFO - [MiniCPM] Классификация страницы 22 начата
2025-09-29 10:54:17,831 - INFO - [MiniCPM] Извлечён код=None, заголовок=None
2025-09-29 10:54:17,874 - INFO - [MiniCPM] Рендер страницы 22 для полного анализа
2025-09-29 10:54:18,611 - INFO - [MiniCPM] MiniCPM вернул: ignore,null,ZOOMLION
2025-09-29 10:54:18,611 - INFO - [MiniCPM] Финальный результат: page_type=ignore, code=None, title=ZOOMLION
2025-09-29 10:54:18,611 - INFO - Page 22: result from analyzer -> type=ignore, code=None, title=ZOOMLION
2025-09-29 10:54:18,612 - INFO - Page 22: ignored
2025-09-29 10:54:18,612 - INFO - Обработка страницы 23
2025-09-29 10:54:18,612 - INFO - Вызов analyzer.classify_with_minicpm для страницы 23
2025-09-29 10:54:18,612 - INFO - [MiniCPM] Классификация страницы 23 начата
2025-09-29 10:54:18,613 - INFO - [MiniCPM] Извлечён код=None, заголовок=None
2025-09-29 10:54:18,686 - INFO - [MiniCPM] Рендер страницы 23 для полного анализа
2025-09-29 10:54:20,060 - INFO - [MiniCPM] MiniCPM вернул: drawing,D101020003Y,OPERATORS CAB TILTING CYLINDER
2025-09-29 10:54:20,060 - INFO - [MiniCPM] Финальный результат: page_type=drawing, code=D101020003Y, title=OPERATORS CAB TILTING CYLINDER
2025-09-29 10:54:20,060 - INFO - Page 23: result from analyzer -> type=drawing, code=D101020003Y, title=OPERATORS CAB TILTING CYLINDER
2025-09-29 10:54:20,060 - INFO - Действие: start_new_block
2025-09-29 10:54:20,061 - INFO - Создан PDF: /root/Split_Pdf/for_test/rezult/D1010200089Y.pdf
2025-09-29 10:54:20,061 - INFO - [Builder] Новый блок: D101020003Y, страницы=[23]
2025-09-29 10:54:20,061 - INFO - Блок после start_new_block: current_key=D101020003Y, страницы=[23]
2025-09-29 10:54:20,061 - INFO - Обработка страницы 24
2025-09-29 10:54:20,061 - INFO - Вызов analyzer.classify_with_minicpm для страницы 24
2025-09-29 10:54:20,061 - INFO - [MiniCPM] Классификация страницы 24 начата
2025-09-29 10:54:20,063 - INFO - [MiniCPM] Извлечён код=D1010200003Y, заголовок=6-22 
OPERATORS CAB TILTING CYLINDER
2025-09-29 10:54:20,632 - INFO - [MiniCPM] Регулярка нашла код, предварительный тип: specification
2025-09-29 10:54:20,685 - INFO - [MiniCPM] Рендер страницы 24 в изображение завершён
2025-09-29 10:54:21,254 - INFO - [MiniCPM] MiniCPM вернул page_type=specification
2025-09-29 10:54:21,255 - INFO - Page 24: result from analyzer -> type=specification, code=D1010200003Y, title=6-22 
OPERATORS CAB TILTING CYLINDER
2025-09-29 10:54:21,255 - INFO - Действие: add_specification (specification)
2025-09-29 10:54:21,257 - INFO - Блок после add_specification: current_key=D101020003Y, страницы=[23, 24]
2025-09-29 10:54:21,257 - INFO - Обработка страницы 25
2025-09-29 10:54:21,257 - INFO - Вызов analyzer.classify_with_minicpm для страницы 25
2025-09-29 10:54:21,257 - INFO - [MiniCPM] Классификация страницы 25 начата
2025-09-29 10:54:21,258 - INFO - [MiniCPM] Извлечён код=None, заголовок=None
2025-09-29 10:54:21,329 - INFO - [MiniCPM] Рендер страницы 25 для полного анализа
2025-09-29 10:54:22,763 - INFO - [MiniCPM] MiniCPM вернул: drawing,D1010200006Y,COUNTERWEIGHT LIFTING CYLINDER
2025-09-29 10:54:22,763 - INFO - [MiniCPM] Финальный результат: page_type=drawing, code=D1010200006Y, title=COUNTERWEIGHT LIFTING CYLINDER
2025-09-29 10:54:22,763 - INFO - Page 25: result from analyzer -> type=drawing, code=D1010200006Y, title=COUNTERWEIGHT LIFTING CYLINDER
2025-09-29 10:54:22,763 - INFO - Действие: start_new_block
2025-09-29 10:54:22,764 - INFO - Создан PDF: /root/Split_Pdf/for_test/rezult/D101020003Y.pdf
2025-09-29 10:54:22,765 - INFO - [Builder] Новый блок: D1010200006Y, страницы=[25]
2025-09-29 10:54:22,765 - INFO - Блок после start_new_block: current_key=D1010200006Y, страницы=[25]
2025-09-29 10:54:22,765 - INFO - Обработка страницы 26
2025-09-29 10:54:22,765 - INFO - Вызов analyzer.classify_with_minicpm для страницы 26
2025-09-29 10:54:22,765 - INFO - [MiniCPM] Классификация страницы 26 начата
2025-09-29 10:54:22,766 - INFO - [MiniCPM] Извлечён код=D1010200006Y, заголовок=6-24 
COUNTERWEIGHT LIFTING CYLINDER
2025-09-29 10:54:23,338 - INFO - [MiniCPM] Регулярка нашла код, предварительный тип: specification
2025-09-29 10:54:23,393 - INFO - [MiniCPM] Рендер страницы 26 в изображение завершён
2025-09-29 10:54:23,976 - INFO - [MiniCPM] MiniCPM вернул page_type=specification
2025-09-29 10:54:23,976 - INFO - Page 26: result from analyzer -> type=specification, code=D1010200006Y, title=6-24 
COUNTERWEIGHT LIFTING CYLINDER
2025-09-29 10:54:23,976 - INFO - Действие: add_specification (specification)
2025-09-29 10:54:23,979 - INFO - Блок после add_specification: current_key=D1010200006Y, страницы=[25, 26]
2025-09-29 10:54:23,979 - INFO - Обработка страницы 27
2025-09-29 10:54:23,979 - INFO - Вызов analyzer.classify_with_minicpm для страницы 27
2025-09-29 10:54:23,979 - INFO - [MiniCPM] Классификация страницы 27 начата
2025-09-29 10:54:23,982 - INFO - [MiniCPM] Извлечён код=None, заголовок=None
2025-09-29 10:54:24,049 - INFO - [MiniCPM] Рендер страницы 27 для полного анализа
2025-09-29 10:54:26,066 - INFO - [MiniCPM] MiniCPM вернул: drawing,1021400020 luffing jib tension force sensor,Mounting diagram for main components of QUY260 load moment limiter
2025-09-29 10:54:26,066 - INFO - [MiniCPM] Финальный результат: page_type=drawing, code=1021400020 luffing jib tension force sensor, title=Mounting diagram for main components of QUY260 load moment limiter
2025-09-29 10:54:26,066 - INFO - Page 27: result from analyzer -> type=drawing, code=1021400020 luffing jib tension force sensor, title=Mounting diagram for main components of QUY260 load moment limiter
2025-09-29 10:54:26,066 - INFO - Действие: start_new_block
2025-09-29 10:54:26,066 - INFO - [Builder] Страница 27 пропущена: нет кода и названия
2025-09-29 10:54:26,066 - INFO - Блок после start_new_block: current_key=D1010200006Y, страницы=[25, 26]
2025-09-29 10:54:26,066 - INFO - Обработка страницы 28
2025-09-29 10:54:26,066 - INFO - Вызов analyzer.classify_with_minicpm для страницы 28
2025-09-29 10:54:26,066 - INFO - [MiniCPM] Классификация страницы 28 начата
2025-09-29 10:54:26,069 - INFO - [MiniCPM] Извлечён код=D00663405600400000Y, заголовок=6-26 
LOAD MOMENT LIMITER ASSEMBLY
2025-09-29 10:54:26,690 - INFO - [MiniCPM] Регулярка нашла код, предварительный тип: specification
2025-09-29 10:54:26,745 - INFO - [MiniCPM] Рендер страницы 28 в изображение завершён
2025-09-29 10:54:27,319 - INFO - [MiniCPM] MiniCPM вернул page_type=specification
2025-09-29 10:54:27,320 - INFO - Page 28: result from analyzer -> type=specification, code=D00663405600400000Y, title=6-26 
LOAD MOMENT LIMITER ASSEMBLY
2025-09-29 10:54:27,320 - INFO - Действие: add_specification (specification)
2025-09-29 10:54:27,323 - INFO - Блок после add_specification: current_key=D1010200006Y, страницы=[25, 26, 28]
2025-09-29 10:54:27,323 - INFO - Обработка страницы 29
2025-09-29 10:54:27,323 - INFO - Вызов analyzer.classify_with_minicpm для страницы 29
2025-09-29 10:54:27,323 - INFO - [MiniCPM] Классификация страницы 29 начата
2025-09-29 10:54:27,327 - INFO - [MiniCPM] Извлечён код=None, заголовок=None
2025-09-29 10:54:27,400 - INFO - [MiniCPM] Рендер страницы 29 для полного анализа
2025-09-29 10:54:28,780 - INFO - [MiniCPM] MiniCPM вернул: drawing,null,MOUNTING DIAGRAM FOR MAIN COMPONENTS OF QUY260 LOAD MOMENT LIMITER
2025-09-29 10:54:28,780 - INFO - [MiniCPM] Финальный результат: page_type=drawing, code=None, title=MOUNTING DIAGRAM FOR MAIN COMPONENTS OF QUY260 LOAD MOMENT LIMITER
2025-09-29 10:54:28,780 - INFO - Page 29: result from analyzer -> type=drawing, code=None, title=MOUNTING DIAGRAM FOR MAIN COMPONENTS OF QUY260 LOAD MOMENT LIMITER
2025-09-29 10:54:28,780 - INFO - Действие: start_new_block
2025-09-29 10:54:28,782 - INFO - Создан PDF: /root/Split_Pdf/for_test/rezult/D1010200006Y.pdf
2025-09-29 10:54:28,782 - INFO - [Builder] Новый блок: MOUNTING DIAGRAM FOR MAIN COMPONENTS OF QUY260 LOAD MOMENT LIMITER, страницы=[29]
2025-09-29 10:54:28,782 - INFO - Блок после start_new_block: current_key=MOUNTING DIAGRAM FOR MAIN COMPONENTS OF QUY260 LOAD MOMENT LIMITER, страницы=[29]
2025-09-29 10:54:28,782 - INFO - Обработка страницы 30
2025-09-29 10:54:28,782 - INFO - Вызов analyzer.classify_with_minicpm для страницы 30
2025-09-29 10:54:28,782 - INFO - [MiniCPM] Классификация страницы 30 начата
2025-09-29 10:54:28,785 - INFO - [MiniCPM] Извлечён код=D00663405600800000Y, заголовок=6-28 
 
LOAD MOMENT LIMITER
2025-09-29 10:54:29,409 - INFO - [MiniCPM] Регулярка нашла код, предварительный тип: specification
2025-09-29 10:54:29,466 - INFO - [MiniCPM] Рендер страницы 30 в изображение завершён
2025-09-29 10:54:30,055 - INFO - [MiniCPM] MiniCPM вернул page_type=specification
2025-09-29 10:54:30,055 - INFO - Page 30: result from analyzer -> type=specification, code=D00663405600800000Y, title=6-28 
 
LOAD MOMENT LIMITER
2025-09-29 10:54:30,055 - INFO - Действие: add_specification (specification)
2025-09-29 10:54:30,058 - INFO - Блок после add_specification: current_key=MOUNTING DIAGRAM FOR MAIN COMPONENTS OF QUY260 LOAD MOMENT LIMITER, страницы=[29, 30]
2025-09-29 10:54:30,060 - INFO - Создан PDF: /root/Split_Pdf/for_test/rezult/MOUNTING DIAGRAM FOR MAIN COMPONENTS OF QUY260 LOAD MOMENT LIMITER.pdf
2025-09-29 10:54:30,060 - INFO - Финализация блоков, всего сгенерировано 15 файлов
2025-09-29 10:54:30,060 - INFO - Сгенерированные файлы: ['/root/Split_Pdf/for_test/rezult/D1130000067Y.pdf', '/root/Split_Pdf/for_test/rezult/6-2 \nOPERATORS CAB-2 D1130000067Y.pdf', '/root/Split_Pdf/for_test/rezult/6-3 \nOPERATORS CAB-3 D1130000067Y.pdf', '/root/Split_Pdf/for_test/rezult/6-4 \nOPERATORS CAB-4 D1130000067Y.pdf', '/root/Split_Pdf/for_test/rezult/6-6 \nOPERATORS CAB-5 D1130000067Y.pdf', '/root/Split_Pdf/for_test/rezult/6-8 \nOPERATORS CAB-6 D1130000067Y.pdf', '/root/Split_Pdf/for_test/rezult/6-9 \nOPERATORS CAB-7 D1130000067Y.pdf', '/root/Split_Pdf/for_test/rezult/6-11 \nOPERATORS CAB-8 D1130000067Y.pdf', '/root/Split_Pdf/for_test/rezult/6-13 \nOPERATORS CAB-9 D1130000067Y.pdf', '/root/Split_Pdf/for_test/rezult/6-15 \nOPERATORS CAB-10 D1130000067Y.pdf', '/root/Split_Pdf/for_test/rezult/D100000004Y.pdf', '/root/Split_Pdf/for_test/rezult/D1010200089Y.pdf', '/root/Split_Pdf/for_test/rezult/D101020003Y.pdf', '/root/Split_Pdf/for_test/rezult/D1010200006Y.pdf', '/root/Split_Pdf/for_test/rezult/MOUNTING DIAGRAM FOR MAIN COMPONENTS OF QUY260 LOAD MOMENT LIMITER.pdf']
2025-09-29 10:54:30,060 - INFO - Сгенерированные файлы: ['/root/Split_Pdf/for_test/rezult/D1130000067Y.pdf', '/root/Split_Pdf/for_test/rezult/6-2 \nOPERATORS CAB-2 D1130000067Y.pdf', '/root/Split_Pdf/for_test/rezult/6-3 \nOPERATORS CAB-3 D1130000067Y.pdf', '/root/Split_Pdf/for_test/rezult/6-4 \nOPERATORS CAB-4 D1130000067Y.pdf', '/root/Split_Pdf/for_test/rezult/6-6 \nOPERATORS CAB-5 D1130000067Y.pdf', '/root/Split_Pdf/for_test/rezult/6-8 \nOPERATORS CAB-6 D1130000067Y.pdf', '/root/Split_Pdf/for_test/rezult/6-9 \nOPERATORS CAB-7 D1130000067Y.pdf', '/root/Split_Pdf/for_test/rezult/6-11 \nOPERATORS CAB-8 D1130000067Y.pdf', '/root/Split_Pdf/for_test/rezult/6-13 \nOPERATORS CAB-9 D1130000067Y.pdf', '/root/Split_Pdf/for_test/rezult/6-15 \nOPERATORS CAB-10 D1130000067Y.pdf', '/root/Split_Pdf/for_test/rezult/D100000004Y.pdf', '/root/Split_Pdf/for_test/rezult/D1010200089Y.pdf', '/root/Split_Pdf/for_test/rezult/D101020003Y.pdf', '/root/Split_Pdf/for_test/rezult/D1010200006Y.pdf', '/root/Split_Pdf/for_test/rezult/MOUNTING DIAGRAM FOR MAIN COMPONENTS OF QUY260 LOAD MOMENT LIMITER.pdf']
2025-09-29 10:54:30,061 - INFO - Ресурсы PdfCatalogSplitter закрыты
2025-09-29 11:01:42,502 - INFO - Запуск обработки файла: /root/Split_Pdf/for_test/36_QUY260CR 32Y Crawler Crane Spare parts catalog-1-50.pdf
2025-09-29 11:01:46,997 - INFO - Используется GPU: NVIDIA GeForce RTX 4090
2025-09-29 11:02:00,940 - INFO - Инициализация PdfCatalogSplitter для файла: /root/Split_Pdf/for_test/36_QUY260CR 32Y Crawler Crane Spare parts catalog-1-50.pdf
2025-09-29 11:02:00,940 - INFO - Начало обработки PDF: 50 страниц всего
2025-09-29 11:02:00,940 - INFO - Обработка страницы 0
2025-09-29 11:02:00,940 - INFO - Вызов analyzer.classify_with_minicpm для страницы 0
2025-09-29 11:02:00,940 - INFO - [MiniCPM] Классификация страницы 0 начата
2025-09-29 11:02:00,951 - INFO - [MiniCPM] Извлечён код=None, заголовок=None
2025-09-29 11:02:01,006 - INFO - [MiniCPM] Рендер страницы 0 для полного анализа
2025-09-29 11:02:08,327 - INFO - [MiniCPM] MiniCPM вернул: specification,QUY260CR/F32Y,ZOOMLION® Crawler Crane QUY260 QUY260CR/32Y
2025-09-29 11:02:08,328 - INFO - [MiniCPM] Финальный результат: page_type=specification, code=QUY260CR/F32Y, title=ZOOMLION Crawler Crane QUY260 QUY260CR32Y
2025-09-29 11:02:08,328 - INFO - Page 0: result from analyzer -> type=specification, code=QUY260CR/F32Y, title=ZOOMLION Crawler Crane QUY260 QUY260CR32Y
2025-09-29 11:02:08,328 - INFO - Действие: add_specification (specification)
2025-09-29 11:02:08,328 - INFO - [Builder] Страница 0 пропущена: нет кода и названия
2025-09-29 11:02:08,328 - INFO - Блок после add_specification: current_key=None, страницы=[]
2025-09-29 11:02:08,328 - INFO - Обработка страницы 1
2025-09-29 11:02:08,328 - INFO - Вызов analyzer.classify_with_minicpm для страницы 1
2025-09-29 11:02:08,328 - INFO - [MiniCPM] Классификация страницы 1 начата
2025-09-29 11:02:08,329 - INFO - [MiniCPM] Извлечён код=None, заголовок=None
2025-09-29 11:02:08,376 - INFO - [MiniCPM] Рендер страницы 1 для полного анализа
2025-09-29 11:02:09,325 - INFO - [MiniCPM] MiniCPM вернул: ignore,null,null
2025-09-29 11:02:09,326 - INFO - [MiniCPM] Финальный результат: page_type=ignore, code=None, title=None
2025-09-29 11:02:09,326 - INFO - Page 1: result from analyzer -> type=ignore, code=None, title=None
2025-09-29 11:02:09,326 - INFO - Page 1: ignored
2025-09-29 11:02:09,326 - INFO - Обработка страницы 2
2025-09-29 11:02:09,326 - INFO - Вызов analyzer.classify_with_minicpm для страницы 2
2025-09-29 11:02:09,326 - INFO - [MiniCPM] Классификация страницы 2 начата
2025-09-29 11:02:09,328 - INFO - [MiniCPM] Извлечён код=None, заголовок=None
2025-09-29 11:02:09,376 - INFO - [MiniCPM] Рендер страницы 2 для полного анализа
2025-09-29 11:02:10,428 - INFO - [MiniCPM] MiniCPM вернул: specification,null,Contents
2025-09-29 11:02:10,428 - INFO - [MiniCPM] Финальный результат: page_type=specification, code=None, title=Contents
2025-09-29 11:02:10,428 - INFO - Page 2: result from analyzer -> type=specification, code=None, title=Contents
2025-09-29 11:02:10,428 - INFO - Действие: add_specification (specification)
2025-09-29 11:02:10,428 - INFO - Блок после add_specification: current_key=None, страницы=[]
2025-09-29 11:02:10,428 - INFO - Обработка страницы 3
2025-09-29 11:02:10,428 - INFO - Вызов analyzer.classify_with_minicpm для страницы 3
2025-09-29 11:02:10,428 - INFO - [MiniCPM] Классификация страницы 3 начата
2025-09-29 11:02:10,429 - INFO - [MiniCPM] Извлечён код=None, заголовок=None
2025-09-29 11:02:10,478 - INFO - [MiniCPM] Рендер страницы 3 для полного анализа
2025-09-29 11:02:11,516 - INFO - [MiniCPM] MiniCPM вернул: drawing,ZOOMLION,ZOOMLION
2025-09-29 11:02:11,516 - INFO - [MiniCPM] Финальный результат: page_type=drawing, code=ZOOMLION, title=ZOOMLION
2025-09-29 11:02:11,516 - INFO - Page 3: result from analyzer -> type=drawing, code=ZOOMLION, title=ZOOMLION
2025-09-29 11:02:11,516 - INFO - Действие: start_new_block
2025-09-29 11:02:11,516 - INFO - [Builder] Новый блок: ZOOMLION, страницы=[3]
2025-09-29 11:02:11,516 - INFO - Блок после start_new_block: current_key=ZOOMLION, страницы=[3]
2025-09-29 11:02:11,516 - INFO - Обработка страницы 4
2025-09-29 11:02:11,516 - INFO - Вызов analyzer.classify_with_minicpm для страницы 4
2025-09-29 11:02:11,516 - INFO - [MiniCPM] Классификация страницы 4 начата
2025-09-29 11:02:11,526 - INFO - [MiniCPM] Извлечён код=None, заголовок=None
2025-09-29 11:02:11,597 - INFO - [MiniCPM] Рендер страницы 4 для полного анализа
2025-09-29 11:02:12,545 - INFO - [MiniCPM] MiniCPM вернул: specification,null,FOREWORD
2025-09-29 11:02:12,545 - INFO - [MiniCPM] Финальный результат: page_type=specification, code=None, title=FOREWORD
2025-09-29 11:02:12,545 - INFO - Page 4: result from analyzer -> type=specification, code=None, title=FOREWORD
2025-09-29 11:02:12,545 - INFO - Действие: add_specification (specification)
2025-09-29 11:02:12,556 - INFO - Блок после add_specification: current_key=ZOOMLION, страницы=[3]
2025-09-29 11:02:12,557 - INFO - Обработка страницы 5
2025-09-29 11:02:12,557 - INFO - Вызов analyzer.classify_with_minicpm для страницы 5
2025-09-29 11:02:12,557 - INFO - [MiniCPM] Классификация страницы 5 начата
2025-09-29 11:02:12,559 - INFO - [MiniCPM] Извлечён код=None, заголовок=None
2025-09-29 11:02:12,609 - INFO - [MiniCPM] Рендер страницы 5 для полного анализа
2025-09-29 11:02:13,821 - INFO - [MiniCPM] MiniCPM вернул: specification,null,ZOOMLION PARTS CATALOG
2025-09-29 11:02:13,821 - INFO - [MiniCPM] Финальный результат: page_type=specification, code=None, title=ZOOMLION PARTS CATALOG
2025-09-29 11:02:13,821 - INFO - Page 5: result from analyzer -> type=specification, code=None, title=ZOOMLION PARTS CATALOG
2025-09-29 11:02:13,821 - INFO - Действие: add_specification (specification)
2025-09-29 11:02:13,824 - INFO - Блок после add_specification: current_key=ZOOMLION, страницы=[3]
2025-09-29 11:02:13,824 - INFO - Обработка страницы 6
2025-09-29 11:02:13,824 - INFO - Вызов analyzer.classify_with_minicpm для страницы 6
2025-09-29 11:02:13,824 - INFO - [MiniCPM] Классификация страницы 6 начата
2025-09-29 11:02:13,825 - INFO - [MiniCPM] Извлечён код=None, заголовок=None
2025-09-29 11:02:13,904 - INFO - [MiniCPM] Рендер страницы 6 для полного анализа
2025-09-29 11:02:15,102 - INFO - [MiniCPM] MiniCPM вернул: drawing,Chapter 1 Complete vehicle,ZOOMLION
2025-09-29 11:02:15,102 - INFO - [MiniCPM] Финальный результат: page_type=drawing, code=Chapter 1 Complete vehicle, title=ZOOMLION
2025-09-29 11:02:15,102 - INFO - Page 6: result from analyzer -> type=drawing, code=Chapter 1 Complete vehicle, title=ZOOMLION
2025-09-29 11:02:15,102 - INFO - Действие: start_new_block
2025-09-29 11:02:15,102 - INFO - [Builder] Страница 6 пропущена: нет кода и названия
2025-09-29 11:02:15,102 - INFO - Блок после start_new_block: current_key=ZOOMLION, страницы=[3]
2025-09-29 11:02:15,102 - INFO - Обработка страницы 7
2025-09-29 11:02:15,102 - INFO - Вызов analyzer.classify_with_minicpm для страницы 7
2025-09-29 11:02:15,102 - INFO - [MiniCPM] Классификация страницы 7 начата
2025-09-29 11:02:15,149 - INFO - [MiniCPM] Извлечён код=D00663400002000000Y, заголовок=1-1 
QUY260CR CRAWLER CRANE
2025-09-29 11:02:17,969 - INFO - [MiniCPM] Регулярка нашла код, предварительный тип: specification
2025-09-29 11:02:18,103 - INFO - [MiniCPM] Рендер страницы 7 в изображение завершён
2025-09-29 11:02:18,961 - INFO - [MiniCPM] MiniCPM вернул page_type=drawing
2025-09-29 11:02:18,962 - INFO - Page 7: result from analyzer -> type=drawing, code=D00663400002000000Y, title=1-1 
QUY260CR CRAWLER CRANE
2025-09-29 11:02:18,962 - INFO - Действие: start_new_block
2025-09-29 11:02:18,964 - INFO - Создан PDF: /root/Split_Pdf/for_test/rezult1/ZOOMLION.pdf
2025-09-29 11:02:18,965 - INFO - [Builder] Новый блок: D00663400002000000Y, страницы=[7]
2025-09-29 11:02:18,965 - INFO - Блок после start_new_block: current_key=D00663400002000000Y, страницы=[7]
2025-09-29 11:02:18,965 - INFO - Обработка страницы 8
2025-09-29 11:02:18,965 - INFO - Вызов analyzer.classify_with_minicpm для страницы 8
2025-09-29 11:02:18,965 - INFO - [MiniCPM] Классификация страницы 8 начата
2025-09-29 11:02:18,969 - INFO - [MiniCPM] Извлечён код=D00663400002000000Y, заголовок=00 
2
00 
2
10
00 
2
00 
2
04 
04 
 
1-2 
QUY260CR CRAWLER CRANE
2025-09-29 11:02:19,940 - INFO - [MiniCPM] Регулярка нашла код, предварительный тип: specification
2025-09-29 11:02:20,007 - INFO - [MiniCPM] Рендер страницы 8 в изображение завершён
2025-09-29 11:02:20,900 - INFO - [MiniCPM] MiniCPM вернул page_type=specification
2025-09-29 11:02:20,900 - INFO - Page 8: result from analyzer -> type=specification, code=D00663400002000000Y, title=00 
2
00 
2
10
00 
2
00 
2
04 
04 
 
1-2 
QUY260CR CRAWLER CRANE
2025-09-29 11:02:20,900 - INFO - Действие: add_specification (specification)
2025-09-29 11:02:20,906 - INFO - Блок после add_specification: current_key=D00663400002000000Y, страницы=[7, 8]
2025-09-29 11:02:20,906 - INFO - Обработка страницы 9
2025-09-29 11:02:20,906 - INFO - Вызов analyzer.classify_with_minicpm для страницы 9
2025-09-29 11:02:20,906 - INFO - [MiniCPM] Классификация страницы 9 начата
2025-09-29 11:02:20,910 - INFO - [MiniCPM] Извлечён код=D00663400002000000Y, заголовок=00 
2
01 
1
4
00 
2
4
 
1-3 
QUY260CR CRAWLER CRANE
2025-09-29 11:02:21,672 - INFO - [MiniCPM] Регулярка нашла код, предварительный тип: specification
2025-09-29 11:02:21,741 - INFO - [MiniCPM] Рендер страницы 9 в изображение завершён
2025-09-29 11:02:22,613 - INFO - [MiniCPM] MiniCPM вернул page_type=specification
2025-09-29 11:02:22,614 - INFO - Page 9: result from analyzer -> type=specification, code=D00663400002000000Y, title=00 
2
01 
1
4
00 
2
4
 
1-3 
QUY260CR CRAWLER CRANE
2025-09-29 11:02:22,614 - INFO - Действие: add_specification (specification)
2025-09-29 11:02:22,619 - INFO - Блок после add_specification: current_key=D00663400002000000Y, страницы=[7, 8, 9]
2025-09-29 11:02:22,620 - INFO - Обработка страницы 10
2025-09-29 11:02:22,620 - INFO - Вызов analyzer.classify_with_minicpm для страницы 10
2025-09-29 11:02:22,620 - INFO - [MiniCPM] Классификация страницы 10 начата
2025-09-29 11:02:22,621 - INFO - [MiniCPM] Извлечён код=D00663400002000000Y, заголовок=1-4 
QUY260CR CRAWLER CRANE
2025-09-29 11:02:23,150 - INFO - [MiniCPM] Регулярка нашла код, предварительный тип: specification
2025-09-29 11:02:23,203 - INFO - [MiniCPM] Рендер страницы 10 в изображение завершён
2025-09-29 11:02:23,970 - INFO - [MiniCPM] MiniCPM вернул page_type=specification
2025-09-29 11:02:23,971 - INFO - Page 10: result from analyzer -> type=specification, code=D00663400002000000Y, title=1-4 
QUY260CR CRAWLER CRANE
2025-09-29 11:02:23,971 - INFO - Действие: add_specification (specification)
2025-09-29 11:02:23,973 - INFO - Блок после add_specification: current_key=D00663400002000000Y, страницы=[7, 8, 9, 10]
2025-09-29 11:02:23,974 - INFO - Обработка страницы 11
2025-09-29 11:02:23,974 - INFO - Вызов analyzer.classify_with_minicpm для страницы 11
2025-09-29 11:02:23,974 - INFO - [MiniCPM] Классификация страницы 11 начата
2025-09-29 11:02:23,974 - INFO - [MiniCPM] Извлечён код=None, заголовок=None
2025-09-29 11:02:24,017 - INFO - [MiniCPM] Рендер страницы 11 для полного анализа
2025-09-29 11:02:24,909 - INFO - [MiniCPM] MiniCPM вернул: ignore,null,ZOOMLION
2025-09-29 11:02:24,910 - INFO - [MiniCPM] Финальный результат: page_type=ignore, code=None, title=ZOOMLION
2025-09-29 11:02:24,910 - INFO - Page 11: result from analyzer -> type=ignore, code=None, title=ZOOMLION
2025-09-29 11:02:24,910 - INFO - Page 11: ignored
2025-09-29 11:02:24,910 - INFO - Обработка страницы 12
2025-09-29 11:02:24,910 - INFO - Вызов analyzer.classify_with_minicpm для страницы 12
2025-09-29 11:02:24,910 - INFO - [MiniCPM] Классификация страницы 12 начата
2025-09-29 11:02:24,911 - INFO - [MiniCPM] Извлечён код=None, заголовок=None
2025-09-29 11:02:24,990 - INFO - [MiniCPM] Рендер страницы 12 для полного анализа
2025-09-29 11:02:26,101 - INFO - [MiniCPM] MiniCPM вернул: drawing,Chapter 2 Boom system,BOOM SYSTEM
2025-09-29 11:02:26,102 - INFO - [MiniCPM] Финальный результат: page_type=drawing, code=Chapter 2 Boom system, title=BOOM SYSTEM
2025-09-29 11:02:26,102 - INFO - Page 12: result from analyzer -> type=drawing, code=Chapter 2 Boom system, title=BOOM SYSTEM
2025-09-29 11:02:26,102 - INFO - Действие: start_new_block
2025-09-29 11:02:26,102 - INFO - [Builder] Страница 12 пропущена: нет кода и названия
2025-09-29 11:02:26,102 - INFO - Блок после start_new_block: current_key=D00663400002000000Y, страницы=[7, 8, 9, 10]
2025-09-29 11:02:26,102 - INFO - Обработка страницы 13
2025-09-29 11:02:26,102 - INFO - Вызов analyzer.classify_with_minicpm для страницы 13
2025-09-29 11:02:26,102 - INFO - [MiniCPM] Классификация страницы 13 начата
2025-09-29 11:02:26,103 - INFO - [MiniCPM] Извлечён код=None, заголовок=None
2025-09-29 11:02:26,147 - INFO - [MiniCPM] Рендер страницы 13 для полного анализа
2025-09-29 11:02:27,185 - INFO - [MiniCPM] MiniCPM вернул: drawing,ZOOMLION,ZOOMLION
2025-09-29 11:02:27,186 - INFO - [MiniCPM] Финальный результат: page_type=drawing, code=ZOOMLION, title=ZOOMLION
2025-09-29 11:02:27,186 - INFO - Page 13: result from analyzer -> type=drawing, code=ZOOMLION, title=ZOOMLION
2025-09-29 11:02:27,186 - INFO - Действие: start_new_block
2025-09-29 11:02:27,188 - INFO - Создан PDF: /root/Split_Pdf/for_test/rezult1/D00663400002000000Y.pdf
2025-09-29 11:02:27,188 - INFO - [Builder] Новый блок: ZOOMLION ZOOMLION, страницы=[13]
2025-09-29 11:02:27,188 - INFO - Блок после start_new_block: current_key=ZOOMLION ZOOMLION, страницы=[13]
2025-09-29 11:02:27,188 - INFO - Обработка страницы 14
2025-09-29 11:02:27,188 - INFO - Вызов analyzer.classify_with_minicpm для страницы 14
2025-09-29 11:02:27,188 - INFO - [MiniCPM] Классификация страницы 14 начата
2025-09-29 11:02:27,193 - INFO - [MiniCPM] Извлечён код=D00663300102600001Y, заголовок=2  Main boom head attachments assembly
2025-09-29 11:02:27,872 - INFO - [MiniCPM] Регулярка нашла код, предварительный тип: drawing
2025-09-29 11:02:27,937 - INFO - [MiniCPM] Рендер страницы 14 в изображение завершён
2025-09-29 11:02:28,826 - INFO - [MiniCPM] MiniCPM вернул page_type=specification
2025-09-29 11:02:28,826 - INFO - Page 14: result from analyzer -> type=specification, code=D00663300102600001Y, title=2  Main boom head attachments assembly
2025-09-29 11:02:28,826 - INFO - Действие: add_specification (specification)
2025-09-29 11:02:28,833 - INFO - Блок после add_specification: current_key=ZOOMLION ZOOMLION, страницы=[13, 14]
2025-09-29 11:02:28,833 - INFO - Обработка страницы 15
2025-09-29 11:02:28,833 - INFO - Вызов analyzer.classify_with_minicpm для страницы 15
2025-09-29 11:02:28,833 - INFO - [MiniCPM] Классификация страницы 15 начата
2025-09-29 11:02:28,836 - INFO - [MiniCPM] Извлечён код=D00663405411200000Y, заголовок=
2025-09-29 11:02:29,452 - INFO - [MiniCPM] Регулярка нашла код, предварительный тип: drawing
2025-09-29 11:02:29,509 - INFO - [MiniCPM] Рендер страницы 15 в изображение завершён
2025-09-29 11:02:30,416 - INFO - [MiniCPM] MiniCPM вернул page_type=specification
2025-09-29 11:02:30,416 - INFO - Page 15: result from analyzer -> type=specification, code=D00663405411200000Y, title=
2025-09-29 11:02:30,416 - INFO - Действие: add_specification (specification)
2025-09-29 11:02:30,420 - INFO - Блок после add_specification: current_key=ZOOMLION ZOOMLION, страницы=[13, 14, 15]
2025-09-29 11:02:30,421 - INFO - Обработка страницы 16
2025-09-29 11:02:30,421 - INFO - Вызов analyzer.classify_with_minicpm для страницы 16
2025-09-29 11:02:30,421 - INFO - [MiniCPM] Классификация страницы 16 начата
2025-09-29 11:02:30,421 - INFO - [MiniCPM] Извлечён код=None, заголовок=None
2025-09-29 11:02:30,469 - INFO - [MiniCPM] Рендер страницы 16 для полного анализа
2025-09-29 11:02:31,703 - INFO - [MiniCPM] MiniCPM вернул: drawing,ZOOMLION,ZOOMLION
2025-09-29 11:02:31,703 - INFO - [MiniCPM] Финальный результат: page_type=drawing, code=ZOOMLION, title=ZOOMLION
2025-09-29 11:02:31,703 - INFO - Page 16: result from analyzer -> type=drawing, code=ZOOMLION, title=ZOOMLION
2025-09-29 11:02:31,703 - INFO - Действие: start_new_block
2025-09-29 11:02:31,703 - INFO - Блок после start_new_block: current_key=ZOOMLION ZOOMLION, страницы=[13, 14, 15, 16]
2025-09-29 11:02:31,703 - INFO - Обработка страницы 17
2025-09-29 11:02:31,703 - INFO - Вызов analyzer.classify_with_minicpm для страницы 17
2025-09-29 11:02:31,703 - INFO - [MiniCPM] Классификация страницы 17 начата
2025-09-29 11:02:31,719 - INFO - [MiniCPM] Извлечён код=None, заголовок=None
2025-09-29 11:02:31,808 - INFO - [MiniCPM] Рендер страницы 17 для полного анализа
2025-09-29 11:02:33,873 - INFO - [MiniCPM] MiniCPM вернул: drawing,D0066340012000000Y,MAIN BOOM ASSY.
2025-09-29 11:02:33,873 - INFO - [MiniCPM] Финальный результат: page_type=drawing, code=D0066340012000000Y, title=MAIN BOOM ASSY
2025-09-29 11:02:33,873 - INFO - Page 17: result from analyzer -> type=drawing, code=D0066340012000000Y, title=MAIN BOOM ASSY
2025-09-29 11:02:33,873 - INFO - Действие: start_new_block
2025-09-29 11:02:33,875 - INFO - Создан PDF: /root/Split_Pdf/for_test/rezult1/ZOOMLION ZOOMLION.pdf
2025-09-29 11:02:33,875 - INFO - [Builder] Новый блок: D0066340012000000Y, страницы=[17]
2025-09-29 11:02:33,875 - INFO - Блок после start_new_block: current_key=D0066340012000000Y, страницы=[17]
2025-09-29 11:02:33,875 - INFO - Обработка страницы 18
2025-09-29 11:02:33,875 - INFO - Вызов analyzer.classify_with_minicpm для страницы 18
2025-09-29 11:02:33,875 - INFO - [MiniCPM] Классификация страницы 18 начата
2025-09-29 11:02:33,887 - INFO - [MiniCPM] Извлечён код=D00663400120000000Y, заголовок=
2025-09-29 11:02:34,566 - INFO - [MiniCPM] Регулярка нашла код, предварительный тип: specification
2025-09-29 11:02:34,634 - INFO - [MiniCPM] Рендер страницы 18 в изображение завершён
2025-09-29 11:02:35,272 - INFO - [MiniCPM] MiniCPM вернул page_type=specification
2025-09-29 11:02:35,272 - INFO - Page 18: result from analyzer -> type=specification, code=D00663400120000000Y, title=
2025-09-29 11:02:35,272 - INFO - Действие: add_specification (specification)
2025-09-29 11:02:35,288 - INFO - Блок после add_specification: current_key=D0066340012000000Y, страницы=[17, 18]
2025-09-29 11:02:35,288 - INFO - Обработка страницы 19
2025-09-29 11:02:35,288 - INFO - Вызов analyzer.classify_with_minicpm для страницы 19
2025-09-29 11:02:35,288 - INFO - [MiniCPM] Классификация страницы 19 начата
2025-09-29 11:02:35,315 - INFO - [MiniCPM] Извлечён код=D00663400120400000Y, заголовок=
2025-09-29 11:02:36,646 - INFO - [MiniCPM] Регулярка нашла код, предварительный тип: specification
2025-09-29 11:02:36,753 - INFO - [MiniCPM] Рендер страницы 19 в изображение завершён
2025-09-29 11:02:37,431 - INFO - [MiniCPM] MiniCPM вернул page_type=drawing_specification
2025-09-29 11:02:37,432 - INFO - Page 19: result from analyzer -> type=drawing_specification, code=D00663400120400000Y, title=
2025-09-29 11:02:37,432 - INFO - Действие: start_new_block
2025-09-29 11:02:37,433 - INFO - Создан PDF: /root/Split_Pdf/for_test/rezult1/D0066340012000000Y.pdf
2025-09-29 11:02:37,433 - INFO - [Builder] Новый блок: D00663400120400000Y, страницы=[19]
2025-09-29 11:02:37,433 - INFO - Блок после start_new_block: current_key=D00663400120400000Y, страницы=[19]
2025-09-29 11:02:37,434 - INFO - Действие: add_specification (drawing_specification)
2025-09-29 11:02:37,434 - INFO - Блок после add_specification: current_key=D00663400120400000Y, страницы=[19]
2025-09-29 11:02:37,434 - INFO - Обработка страницы 20
2025-09-29 11:02:37,434 - INFO - Вызов analyzer.classify_with_minicpm для страницы 20
2025-09-29 11:02:37,434 - INFO - [MiniCPM] Классификация страницы 20 начата
2025-09-29 11:02:37,447 - INFO - [MiniCPM] Извлечён код=D00663400120400000Y, заголовок=
2025-09-29 11:02:38,366 - INFO - [MiniCPM] Регулярка нашла код, предварительный тип: specification
2025-09-29 11:02:38,440 - INFO - [MiniCPM] Рендер страницы 20 в изображение завершён
2025-09-29 11:02:39,095 - INFO - [MiniCPM] MiniCPM вернул page_type=specification
2025-09-29 11:02:39,095 - INFO - Page 20: result from analyzer -> type=specification, code=D00663400120400000Y, title=
2025-09-29 11:02:39,095 - INFO - Действие: add_specification (specification)
2025-09-29 11:02:39,095 - INFO - Блок после add_specification: current_key=D00663400120400000Y, страницы=[19, 20]
2025-09-29 11:02:39,095 - INFO - Обработка страницы 21
2025-09-29 11:02:39,095 - INFO - Вызов analyzer.classify_with_minicpm для страницы 21
2025-09-29 11:02:39,095 - INFO - [MiniCPM] Классификация страницы 21 начата
2025-09-29 11:02:39,097 - INFO - [MiniCPM] Извлечён код=D00663400120400000Y, заголовок=
2025-09-29 11:02:39,649 - INFO - [MiniCPM] Регулярка нашла код, предварительный тип: specification
2025-09-29 11:02:39,698 - INFO - [MiniCPM] Рендер страницы 21 в изображение завершён
2025-09-29 11:02:40,306 - INFO - [MiniCPM] MiniCPM вернул page_type=specification
2025-09-29 11:02:40,306 - INFO - Page 21: result from analyzer -> type=specification, code=D00663400120400000Y, title=
2025-09-29 11:02:40,306 - INFO - Действие: add_specification (specification)
2025-09-29 11:02:40,307 - INFO - Блок после add_specification: current_key=D00663400120400000Y, страницы=[19, 20, 21]
2025-09-29 11:02:40,307 - INFO - Обработка страницы 22
2025-09-29 11:02:40,307 - INFO - Вызов analyzer.classify_with_minicpm для страницы 22
2025-09-29 11:02:40,307 - INFO - [MiniCPM] Классификация страницы 22 начата
2025-09-29 11:02:40,307 - INFO - [MiniCPM] Извлечён код=None, заголовок=None
2025-09-29 11:02:40,351 - INFO - [MiniCPM] Рендер страницы 22 для полного анализа
2025-09-29 11:02:41,142 - INFO - [MiniCPM] MiniCPM вернул: ignore,null,ZOOMLION
2025-09-29 11:02:41,142 - INFO - [MiniCPM] Финальный результат: page_type=ignore, code=None, title=ZOOMLION
2025-09-29 11:02:41,142 - INFO - Page 22: result from analyzer -> type=ignore, code=None, title=ZOOMLION
2025-09-29 11:02:41,142 - INFO - Page 22: ignored
2025-09-29 11:02:41,142 - INFO - Обработка страницы 23
2025-09-29 11:02:41,142 - INFO - Вызов analyzer.classify_with_minicpm для страницы 23
2025-09-29 11:02:41,142 - INFO - [MiniCPM] Классификация страницы 23 начата
2025-09-29 11:02:41,150 - INFO - [MiniCPM] Извлечён код=D00663300102600001Y, заголовок=2-7 
MAIN BOOM HEAD ATTACHMENTS ASSEMBLY
2025-09-29 11:02:42,029 - INFO - [MiniCPM] Регулярка нашла код, предварительный тип: specification
2025-09-29 11:02:42,109 - INFO - [MiniCPM] Рендер страницы 23 в изображение завершён
2025-09-29 11:02:42,703 - INFO - [MiniCPM] MiniCPM вернул page_type=drawing_specification
2025-09-29 11:02:42,703 - INFO - Page 23: result from analyzer -> type=drawing_specification, code=D00663300102600001Y, title=2-7 
MAIN BOOM HEAD ATTACHMENTS ASSEMBLY
2025-09-29 11:02:42,703 - INFO - Действие: start_new_block
2025-09-29 11:02:42,706 - INFO - Создан PDF: /root/Split_Pdf/for_test/rezult1/D00663400120400000Y.pdf
2025-09-29 11:02:42,706 - INFO - [Builder] Новый блок: D00663300102600001Y, страницы=[23]
2025-09-29 11:02:42,706 - INFO - Блок после start_new_block: current_key=D00663300102600001Y, страницы=[23]
2025-09-29 11:02:42,706 - INFO - Действие: add_specification (drawing_specification)
2025-09-29 11:02:42,717 - INFO - Блок после add_specification: current_key=D00663300102600001Y, страницы=[23]
2025-09-29 11:02:42,717 - INFO - Обработка страницы 24
2025-09-29 11:02:42,717 - INFO - Вызов analyzer.classify_with_minicpm для страницы 24
2025-09-29 11:02:42,718 - INFO - [MiniCPM] Классификация страницы 24 начата
2025-09-29 11:02:42,719 - INFO - [MiniCPM] Извлечён код=D00663300102600001Y, заголовок=2-8 
MAIN BOOM HEAD ATTACHMENTS ASSEMBLY
2025-09-29 11:02:43,275 - INFO - [MiniCPM] Регулярка нашла код, предварительный тип: specification
2025-09-29 11:02:43,327 - INFO - [MiniCPM] Рендер страницы 24 в изображение завершён
2025-09-29 11:02:43,897 - INFO - [MiniCPM] MiniCPM вернул page_type=specification
2025-09-29 11:02:43,898 - INFO - Page 24: result from analyzer -> type=specification, code=D00663300102600001Y, title=2-8 
MAIN BOOM HEAD ATTACHMENTS ASSEMBLY
2025-09-29 11:02:43,898 - INFO - Действие: add_specification (specification)
2025-09-29 11:02:43,900 - INFO - Блок после add_specification: current_key=D00663300102600001Y, страницы=[23, 24]
2025-09-29 11:02:43,900 - INFO - Обработка страницы 25
2025-09-29 11:02:43,900 - INFO - Вызов analyzer.classify_with_minicpm для страницы 25
2025-09-29 11:02:43,900 - INFO - [MiniCPM] Классификация страницы 25 начата
2025-09-29 11:02:43,907 - INFO - [MiniCPM] Извлечён код=D00663400102400001Y, заголовок=2-9 
MAIN BOOM PIVOT SECTION ATTACHMENTS ASSEMBLY
2025-09-29 11:02:44,756 - INFO - [MiniCPM] Регулярка нашла код, предварительный тип: specification
2025-09-29 11:02:44,843 - INFO - [MiniCPM] Рендер страницы 25 в изображение завершён
2025-09-29 11:02:45,348 - INFO - [MiniCPM] MiniCPM вернул page_type=drawing
2025-09-29 11:02:45,348 - INFO - Page 25: result from analyzer -> type=drawing, code=D00663400102400001Y, title=2-9 
MAIN BOOM PIVOT SECTION ATTACHMENTS ASSEMBLY
2025-09-29 11:02:45,349 - INFO - Действие: start_new_block
2025-09-29 11:02:45,350 - INFO - Создан PDF: /root/Split_Pdf/for_test/rezult1/D00663300102600001Y.pdf
2025-09-29 11:02:45,350 - INFO - [Builder] Новый блок: D00663400102400001Y, страницы=[25]
2025-09-29 11:02:45,350 - INFO - Блок после start_new_block: current_key=D00663400102400001Y, страницы=[25]
2025-09-29 11:02:45,350 - INFO - Обработка страницы 26
2025-09-29 11:02:45,350 - INFO - Вызов analyzer.classify_with_minicpm для страницы 26
2025-09-29 11:02:45,350 - INFO - [MiniCPM] Классификация страницы 26 начата
2025-09-29 11:02:45,352 - INFO - [MiniCPM] Извлечён код=D00663400102400001Y, заголовок=2-10 
MAIN BOOM PIVOT SECTION ATTACHMENTS ASSEMBLY
2025-09-29 11:02:45,920 - INFO - [MiniCPM] Регулярка нашла код, предварительный тип: specification
2025-09-29 11:02:45,976 - INFO - [MiniCPM] Рендер страницы 26 в изображение завершён
2025-09-29 11:02:46,640 - INFO - [MiniCPM] MiniCPM вернул page_type=specification
2025-09-29 11:02:46,640 - INFO - Page 26: result from analyzer -> type=specification, code=D00663400102400001Y, title=2-10 
MAIN BOOM PIVOT SECTION ATTACHMENTS ASSEMBLY
2025-09-29 11:02:46,640 - INFO - Действие: add_specification (specification)
2025-09-29 11:02:46,642 - INFO - Блок после add_specification: current_key=D00663400102400001Y, страницы=[25, 26]
2025-09-29 11:02:46,642 - INFO - Обработка страницы 27
2025-09-29 11:02:46,642 - INFO - Вызов analyzer.classify_with_minicpm для страницы 27
2025-09-29 11:02:46,642 - INFO - [MiniCPM] Классификация страницы 27 начата
2025-09-29 11:02:46,649 - INFO - [MiniCPM] Извлечён код=D00663400112400001Y, заголовок=2-11 
MAIN BOOM PIVOT SECTION ATTACHMENTS ASSEMBLY
2025-09-29 11:02:47,455 - INFO - [MiniCPM] Регулярка нашла код, предварительный тип: specification
2025-09-29 11:02:47,540 - INFO - [MiniCPM] Рендер страницы 27 в изображение завершён
2025-09-29 11:02:48,087 - INFO - [MiniCPM] MiniCPM вернул page_type=drawing
2025-09-29 11:02:48,088 - INFO - Page 27: result from analyzer -> type=drawing, code=D00663400112400001Y, title=2-11 
MAIN BOOM PIVOT SECTION ATTACHMENTS ASSEMBLY
2025-09-29 11:02:48,088 - INFO - Действие: start_new_block
2025-09-29 11:02:48,089 - INFO - Создан PDF: /root/Split_Pdf/for_test/rezult1/D00663400102400001Y.pdf
2025-09-29 11:02:48,089 - INFO - [Builder] Новый блок: D00663400112400001Y, страницы=[27]
2025-09-29 11:02:48,089 - INFO - Блок после start_new_block: current_key=D00663400112400001Y, страницы=[27]
2025-09-29 11:02:48,089 - INFO - Обработка страницы 28
2025-09-29 11:02:48,089 - INFO - Вызов analyzer.classify_with_minicpm для страницы 28
2025-09-29 11:02:48,089 - INFO - [MiniCPM] Классификация страницы 28 начата
2025-09-29 11:02:48,091 - INFO - [MiniCPM] Извлечён код=D00663400112400001Y, заголовок=2-12 
MAIN BOOM PIVOT SECTION ATTACHMENTS ASSEMBLY
2025-09-29 11:02:48,630 - INFO - [MiniCPM] Регулярка нашла код, предварительный тип: specification
2025-09-29 11:02:48,685 - INFO - [MiniCPM] Рендер страницы 28 в изображение завершён
2025-09-29 11:02:49,288 - INFO - [MiniCPM] MiniCPM вернул page_type=specification
2025-09-29 11:02:49,288 - INFO - Page 28: result from analyzer -> type=specification, code=D00663400112400001Y, title=2-12 
MAIN BOOM PIVOT SECTION ATTACHMENTS ASSEMBLY
2025-09-29 11:02:49,288 - INFO - Действие: add_specification (specification)
2025-09-29 11:02:49,290 - INFO - Блок после add_specification: current_key=D00663400112400001Y, страницы=[27, 28]
2025-09-29 11:02:49,290 - INFO - Обработка страницы 29
2025-09-29 11:02:49,290 - INFO - Вызов analyzer.classify_with_minicpm для страницы 29
2025-09-29 11:02:49,290 - INFO - [MiniCPM] Классификация страницы 29 начата
2025-09-29 11:02:49,294 - INFO - [MiniCPM] Извлечён код=D00663300102000000Y, заголовок=2-13 
ROPE SUPPORT
2025-09-29 11:02:49,969 - INFO - [MiniCPM] Регулярка нашла код, предварительный тип: specification
2025-09-29 11:02:50,025 - INFO - [MiniCPM] Рендер страницы 29 в изображение завершён
2025-09-29 11:02:50,642 - INFO - [MiniCPM] MiniCPM вернул page_type=drawing_specification
2025-09-29 11:02:50,642 - INFO - Page 29: result from analyzer -> type=drawing_specification, code=D00663300102000000Y, title=2-13 
ROPE SUPPORT
2025-09-29 11:02:50,642 - INFO - Действие: start_new_block
2025-09-29 11:02:50,643 - INFO - Создан PDF: /root/Split_Pdf/for_test/rezult1/D00663400112400001Y.pdf
2025-09-29 11:02:50,643 - INFO - [Builder] Новый блок: D00663300102000000Y, страницы=[29]
2025-09-29 11:02:50,644 - INFO - Блок после start_new_block: current_key=D00663300102000000Y, страницы=[29]
2025-09-29 11:02:50,644 - INFO - Действие: add_specification (drawing_specification)
2025-09-29 11:02:50,650 - INFO - Блок после add_specification: current_key=D00663300102000000Y, страницы=[29]
2025-09-29 11:02:50,650 - INFO - Обработка страницы 30
2025-09-29 11:02:50,650 - INFO - Вызов analyzer.classify_with_minicpm для страницы 30
2025-09-29 11:02:50,650 - INFO - [MiniCPM] Классификация страницы 30 начата
2025-09-29 11:02:50,651 - INFO - [MiniCPM] Извлечён код=D00663300102000000Y, заголовок=2-14 
ROPE SUPPORT
2025-09-29 11:02:51,153 - INFO - [MiniCPM] Регулярка нашла код, предварительный тип: specification
2025-09-29 11:02:51,202 - INFO - [MiniCPM] Рендер страницы 30 в изображение завершён
2025-09-29 11:02:51,777 - INFO - [MiniCPM] MiniCPM вернул page_type=specification
2025-09-29 11:02:51,778 - INFO - Page 30: result from analyzer -> type=specification, code=D00663300102000000Y, title=2-14 
ROPE SUPPORT
2025-09-29 11:02:51,778 - INFO - Действие: add_specification (specification)
2025-09-29 11:02:51,779 - INFO - Блок после add_specification: current_key=D00663300102000000Y, страницы=[29, 30]
2025-09-29 11:02:51,779 - INFO - Обработка страницы 31
2025-09-29 11:02:51,780 - INFO - Вызов analyzer.classify_with_minicpm для страницы 31
2025-09-29 11:02:51,780 - INFO - [MiniCPM] Классификация страницы 31 начата
2025-09-29 11:02:51,785 - INFO - [MiniCPM] Извлечён код=D00663300102200000Y, заголовок=2-15 
ANGLE INDICATOR
2025-09-29 11:02:52,530 - INFO - [MiniCPM] Регулярка нашла код, предварительный тип: specification
2025-09-29 11:02:52,594 - INFO - [MiniCPM] Рендер страницы 31 в изображение завершён
2025-09-29 11:02:53,129 - INFO - [MiniCPM] MiniCPM вернул page_type=drawing
2025-09-29 11:02:53,129 - INFO - Page 31: result from analyzer -> type=drawing, code=D00663300102200000Y, title=2-15 
ANGLE INDICATOR
2025-09-29 11:02:53,129 - INFO - Действие: start_new_block
2025-09-29 11:02:53,131 - INFO - Создан PDF: /root/Split_Pdf/for_test/rezult1/D00663300102000000Y.pdf
2025-09-29 11:02:53,131 - INFO - [Builder] Новый блок: D00663300102200000Y, страницы=[31]
2025-09-29 11:02:53,131 - INFO - Блок после start_new_block: current_key=D00663300102200000Y, страницы=[31]
2025-09-29 11:02:53,131 - INFO - Обработка страницы 32
2025-09-29 11:02:53,131 - INFO - Вызов analyzer.classify_with_minicpm для страницы 32
2025-09-29 11:02:53,131 - INFO - [MiniCPM] Классификация страницы 32 начата
2025-09-29 11:02:53,132 - INFO - [MiniCPM] Извлечён код=D00663300102200000Y, заголовок=2-16 
ANGLE INDICATOR
2025-09-29 11:02:53,689 - INFO - [MiniCPM] Регулярка нашла код, предварительный тип: specification
2025-09-29 11:02:53,742 - INFO - [MiniCPM] Рендер страницы 32 в изображение завершён
2025-09-29 11:02:54,325 - INFO - [MiniCPM] MiniCPM вернул page_type=specification
2025-09-29 11:02:54,325 - INFO - Page 32: result from analyzer -> type=specification, code=D00663300102200000Y, title=2-16 
ANGLE INDICATOR
2025-09-29 11:02:54,326 - INFO - Действие: add_specification (specification)
2025-09-29 11:02:54,328 - INFO - Блок после add_specification: current_key=D00663300102200000Y, страницы=[31, 32]
2025-09-29 11:02:54,328 - INFO - Обработка страницы 33
2025-09-29 11:02:54,328 - INFO - Вызов analyzer.classify_with_minicpm для страницы 33
2025-09-29 11:02:54,328 - INFO - [MiniCPM] Классификация страницы 33 начата
2025-09-29 11:02:54,336 - INFO - [MiniCPM] Извлечён код=D00663400100800001Y, заголовок=None
2025-09-29 11:02:55,518 - INFO - [MiniCPM] Регулярка нашла код, предварительный тип: specification
2025-09-29 11:02:55,585 - INFO - [MiniCPM] Рендер страницы 33 в изображение завершён
2025-09-29 11:02:56,239 - INFO - [MiniCPM] MiniCPM вернул page_type=drawing_specification
2025-09-29 11:02:56,239 - INFO - Page 33: result from analyzer -> type=drawing_specification, code=D00663400100800001Y, title=None
2025-09-29 11:02:56,239 - INFO - Действие: start_new_block
2025-09-29 11:02:56,241 - INFO - Создан PDF: /root/Split_Pdf/for_test/rezult1/D00663300102200000Y.pdf
2025-09-29 11:02:56,241 - INFO - [Builder] Новый блок: D00663400100800001Y, страницы=[33]
2025-09-29 11:02:56,241 - INFO - Блок после start_new_block: current_key=D00663400100800001Y, страницы=[33]
2025-09-29 11:02:56,241 - INFO - Действие: add_specification (drawing_specification)
2025-09-29 11:02:56,241 - INFO - Блок после add_specification: current_key=D00663400100800001Y, страницы=[33]
2025-09-29 11:02:56,241 - INFO - Обработка страницы 34
2025-09-29 11:02:56,241 - INFO - Вызов analyzer.classify_with_minicpm для страницы 34
2025-09-29 11:02:56,242 - INFO - [MiniCPM] Классификация страницы 34 начата
2025-09-29 11:02:56,244 - INFO - [MiniCPM] Извлечён код=D00663400100800001Y, заголовок=
2025-09-29 11:02:56,842 - INFO - [MiniCPM] Регулярка нашла код, предварительный тип: specification
2025-09-29 11:02:56,898 - INFO - [MiniCPM] Рендер страницы 34 в изображение завершён
2025-09-29 11:02:57,509 - INFO - [MiniCPM] MiniCPM вернул page_type=specification
2025-09-29 11:02:57,509 - INFO - Page 34: result from analyzer -> type=specification, code=D00663400100800001Y, title=
2025-09-29 11:02:57,509 - INFO - Действие: add_specification (specification)
2025-09-29 11:02:57,509 - INFO - Блок после add_specification: current_key=D00663400100800001Y, страницы=[33, 34]
2025-09-29 11:02:57,509 - INFO - Обработка страницы 35
2025-09-29 11:02:57,509 - INFO - Вызов analyzer.classify_with_minicpm для страницы 35
2025-09-29 11:02:57,509 - INFO - [MiniCPM] Классификация страницы 35 начата
2025-09-29 11:02:57,514 - INFO - [MiniCPM] Извлечён код=D00663300102800001Y, заголовок=2-19 
3M MAIN BOOM INTERMEDIATE SECTION ATTACHMENTS
ASSEMBLY
2025-09-29 11:02:58,233 - INFO - [MiniCPM] Регулярка нашла код, предварительный тип: specification
2025-09-29 11:02:58,308 - INFO - [MiniCPM] Рендер страницы 35 в изображение завершён
2025-09-29 11:02:58,933 - INFO - [MiniCPM] MiniCPM вернул page_type=drawing_specification
2025-09-29 11:02:58,933 - INFO - Page 35: result from analyzer -> type=drawing_specification, code=D00663300102800001Y, title=2-19 
3M MAIN BOOM INTERMEDIATE SECTION ATTACHMENTS
ASSEMBLY
2025-09-29 11:02:58,933 - INFO - Действие: start_new_block
2025-09-29 11:02:58,935 - INFO - Создан PDF: /root/Split_Pdf/for_test/rezult1/D00663400100800001Y.pdf
2025-09-29 11:02:58,935 - INFO - [Builder] Новый блок: D00663300102800001Y, страницы=[35]
2025-09-29 11:02:58,935 - INFO - Блок после start_new_block: current_key=D00663300102800001Y, страницы=[35]
2025-09-29 11:02:58,935 - INFO - Действие: add_specification (drawing_specification)
2025-09-29 11:02:58,943 - INFO - Блок после add_specification: current_key=D00663300102800001Y, страницы=[35]
2025-09-29 11:02:58,943 - INFO - Обработка страницы 36
2025-09-29 11:02:58,943 - INFO - Вызов analyzer.classify_with_minicpm для страницы 36
2025-09-29 11:02:58,943 - INFO - [MiniCPM] Классификация страницы 36 начата
2025-09-29 11:02:58,944 - INFO - [MiniCPM] Извлечён код=D00663300102800001Y, заголовок=2-20 
3M MAIN BOOM INTERMEDIATE SECTION ATTACHMENTS ASSEMBLY
2025-09-29 11:02:59,482 - INFO - [MiniCPM] Регулярка нашла код, предварительный тип: specification
2025-09-29 11:02:59,533 - INFO - [MiniCPM] Рендер страницы 36 в изображение завершён
2025-09-29 11:03:00,107 - INFO - [MiniCPM] MiniCPM вернул page_type=specification
2025-09-29 11:03:00,107 - INFO - Page 36: result from analyzer -> type=specification, code=D00663300102800001Y, title=2-20 
3M MAIN BOOM INTERMEDIATE SECTION ATTACHMENTS ASSEMBLY
2025-09-29 11:03:00,107 - INFO - Действие: add_specification (specification)
2025-09-29 11:03:00,109 - INFO - Блок после add_specification: current_key=D00663300102800001Y, страницы=[35, 36]
2025-09-29 11:03:00,109 - INFO - Обработка страницы 37
2025-09-29 11:03:00,109 - INFO - Вызов analyzer.classify_with_minicpm для страницы 37
2025-09-29 11:03:00,109 - INFO - [MiniCPM] Классификация страницы 37 начата
2025-09-29 11:03:00,115 - INFO - [MiniCPM] Извлечён код=D00663300103000001Y, заголовок=2-21 
6M MAIN BOOM INTERMEDIATE SECTION ATTACHMENTS ASSEMBLY
2025-09-29 11:03:00,917 - INFO - [MiniCPM] Регулярка нашла код, предварительный тип: specification
2025-09-29 11:03:01,000 - INFO - [MiniCPM] Рендер страницы 37 в изображение завершён
2025-09-29 11:03:01,534 - INFO - [MiniCPM] MiniCPM вернул page_type=drawing
2025-09-29 11:03:01,535 - INFO - Page 37: result from analyzer -> type=drawing, code=D00663300103000001Y, title=2-21 
6M MAIN BOOM INTERMEDIATE SECTION ATTACHMENTS ASSEMBLY
2025-09-29 11:03:01,535 - INFO - Действие: start_new_block
2025-09-29 11:03:01,536 - INFO - Создан PDF: /root/Split_Pdf/for_test/rezult1/D00663300102800001Y.pdf
2025-09-29 11:03:01,536 - INFO - [Builder] Новый блок: D00663300103000001Y, страницы=[37]
2025-09-29 11:03:01,536 - INFO - Блок после start_new_block: current_key=D00663300103000001Y, страницы=[37]
2025-09-29 11:03:01,536 - INFO - Обработка страницы 38
2025-09-29 11:03:01,536 - INFO - Вызов analyzer.classify_with_minicpm для страницы 38
2025-09-29 11:03:01,536 - INFO - [MiniCPM] Классификация страницы 38 начата
2025-09-29 11:03:01,538 - INFO - [MiniCPM] Извлечён код=D00663300103000001Y, заголовок=2-22 
6M MAIN BOOM INTERMEDIATE SECTION ATTACHMENTS ASSEMBLY
2025-09-29 11:03:02,082 - INFO - [MiniCPM] Регулярка нашла код, предварительный тип: specification
2025-09-29 11:03:02,133 - INFO - [MiniCPM] Рендер страницы 38 в изображение завершён
2025-09-29 11:03:02,712 - INFO - [MiniCPM] MiniCPM вернул page_type=specification
2025-09-29 11:03:02,712 - INFO - Page 38: result from analyzer -> type=specification, code=D00663300103000001Y, title=2-22 
6M MAIN BOOM INTERMEDIATE SECTION ATTACHMENTS ASSEMBLY
2025-09-29 11:03:02,713 - INFO - Действие: add_specification (specification)
2025-09-29 11:03:02,715 - INFO - Блок после add_specification: current_key=D00663300103000001Y, страницы=[37, 38]
2025-09-29 11:03:02,715 - INFO - Обработка страницы 39
2025-09-29 11:03:02,715 - INFO - Вызов analyzer.classify_with_minicpm для страницы 39
2025-09-29 11:03:02,715 - INFO - [MiniCPM] Классификация страницы 39 начата
2025-09-29 11:03:02,721 - INFO - [MiniCPM] Извлечён код=D00663300103200001Y, заголовок=2-23 
9M MAIN BOOM INTERMEDIATE SECTION ATTACHMENTS ASSEMBLY
2025-09-29 11:03:03,557 - INFO - [MiniCPM] Регулярка нашла код, предварительный тип: specification
2025-09-29 11:03:03,639 - INFO - [MiniCPM] Рендер страницы 39 в изображение завершён
2025-09-29 11:03:04,175 - INFO - [MiniCPM] MiniCPM вернул page_type=drawing
2025-09-29 11:03:04,176 - INFO - Page 39: result from analyzer -> type=drawing, code=D00663300103200001Y, title=2-23 
9M MAIN BOOM INTERMEDIATE SECTION ATTACHMENTS ASSEMBLY
2025-09-29 11:03:04,176 - INFO - Действие: start_new_block
2025-09-29 11:03:04,177 - INFO - Создан PDF: /root/Split_Pdf/for_test/rezult1/D00663300103000001Y.pdf
2025-09-29 11:03:04,177 - INFO - [Builder] Новый блок: D00663300103200001Y, страницы=[39]
2025-09-29 11:03:04,177 - INFO - Блок после start_new_block: current_key=D00663300103200001Y, страницы=[39]
2025-09-29 11:03:04,177 - INFO - Обработка страницы 40
2025-09-29 11:03:04,177 - INFO - Вызов analyzer.classify_with_minicpm для страницы 40
2025-09-29 11:03:04,177 - INFO - [MiniCPM] Классификация страницы 40 начата
2025-09-29 11:03:04,179 - INFO - [MiniCPM] Извлечён код=D00663300103200001Y, заголовок=2-24 
9M MAIN BOOM INTERMEDIATE SECTION ATTACHMENTS ASSEMBLY
2025-09-29 11:03:04,722 - INFO - [MiniCPM] Регулярка нашла код, предварительный тип: specification
2025-09-29 11:03:04,775 - INFO - [MiniCPM] Рендер страницы 40 в изображение завершён
2025-09-29 11:03:05,358 - INFO - [MiniCPM] MiniCPM вернул page_type=specification
2025-09-29 11:03:05,358 - INFO - Page 40: result from analyzer -> type=specification, code=D00663300103200001Y, title=2-24 
9M MAIN BOOM INTERMEDIATE SECTION ATTACHMENTS ASSEMBLY
2025-09-29 11:03:05,359 - INFO - Действие: add_specification (specification)
2025-09-29 11:03:05,361 - INFO - Блок после add_specification: current_key=D00663300103200001Y, страницы=[39, 40]
2025-09-29 11:03:05,361 - INFO - Обработка страницы 41
2025-09-29 11:03:05,361 - INFO - Вызов analyzer.classify_with_minicpm для страницы 41
2025-09-29 11:03:05,361 - INFO - [MiniCPM] Классификация страницы 41 начата
2025-09-29 11:03:05,367 - INFO - [MiniCPM] Извлечён код=D00663402000400002Y, заголовок=2-25 
LUFFING JIB DERRICKING WINCH
2025-09-29 11:03:06,170 - INFO - [MiniCPM] Регулярка нашла код, предварительный тип: specification
2025-09-29 11:03:06,236 - INFO - [MiniCPM] Рендер страницы 41 в изображение завершён
2025-09-29 11:03:06,861 - INFO - [MiniCPM] MiniCPM вернул page_type=drawing_specification
2025-09-29 11:03:06,861 - INFO - Page 41: result from analyzer -> type=drawing_specification, code=D00663402000400002Y, title=2-25 
LUFFING JIB DERRICKING WINCH
2025-09-29 11:03:06,861 - INFO - Действие: start_new_block
2025-09-29 11:03:06,862 - INFO - Создан PDF: /root/Split_Pdf/for_test/rezult1/D00663300103200001Y.pdf
2025-09-29 11:03:06,862 - INFO - [Builder] Новый блок: D00663402000400002Y, страницы=[41]
2025-09-29 11:03:06,863 - INFO - Блок после start_new_block: current_key=D00663402000400002Y, страницы=[41]
2025-09-29 11:03:06,863 - INFO - Действие: add_specification (drawing_specification)
2025-09-29 11:03:06,871 - INFO - Блок после add_specification: current_key=D00663402000400002Y, страницы=[41]
2025-09-29 11:03:06,871 - INFO - Обработка страницы 42
2025-09-29 11:03:06,871 - INFO - Вызов analyzer.classify_with_minicpm для страницы 42
2025-09-29 11:03:06,871 - INFO - [MiniCPM] Классификация страницы 42 начата
2025-09-29 11:03:06,873 - INFO - [MiniCPM] Извлечён код=D00663402000400002Y, заголовок=2-26 
LUFFING JIB DERRICKING WINCH
2025-09-29 11:03:07,423 - INFO - [MiniCPM] Регулярка нашла код, предварительный тип: specification
2025-09-29 11:03:07,476 - INFO - [MiniCPM] Рендер страницы 42 в изображение завершён
2025-09-29 11:03:08,037 - INFO - [MiniCPM] MiniCPM вернул page_type=specification
2025-09-29 11:03:08,037 - INFO - Page 42: result from analyzer -> type=specification, code=D00663402000400002Y, title=2-26 
LUFFING JIB DERRICKING WINCH
2025-09-29 11:03:08,037 - INFO - Действие: add_specification (specification)
2025-09-29 11:03:08,039 - INFO - Блок после add_specification: current_key=D00663402000400002Y, страницы=[41, 42]
2025-09-29 11:03:08,039 - INFO - Обработка страницы 43
2025-09-29 11:03:08,039 - INFO - Вызов analyzer.classify_with_minicpm для страницы 43
2025-09-29 11:03:08,039 - INFO - [MiniCPM] Классификация страницы 43 начата
2025-09-29 11:03:08,065 - INFO - [MiniCPM] Извлечён код=D00663404100000001Y, заголовок=2-27 
MAIN LOAD HOOK
2025-09-29 11:03:09,812 - INFO - [MiniCPM] Регулярка нашла код, предварительный тип: specification
2025-09-29 11:03:09,904 - INFO - [MiniCPM] Рендер страницы 43 в изображение завершён
2025-09-29 11:03:10,436 - INFO - [MiniCPM] MiniCPM вернул page_type=drawing
2025-09-29 11:03:10,436 - INFO - Page 43: result from analyzer -> type=drawing, code=D00663404100000001Y, title=2-27 
MAIN LOAD HOOK
2025-09-29 11:03:10,436 - INFO - Действие: start_new_block
2025-09-29 11:03:10,438 - INFO - Создан PDF: /root/Split_Pdf/for_test/rezult1/D00663402000400002Y.pdf
2025-09-29 11:03:10,438 - INFO - [Builder] Новый блок: D00663404100000001Y, страницы=[43]
2025-09-29 11:03:10,438 - INFO - Блок после start_new_block: current_key=D00663404100000001Y, страницы=[43]
2025-09-29 11:03:10,438 - INFO - Обработка страницы 44
2025-09-29 11:03:10,438 - INFO - Вызов analyzer.classify_with_minicpm для страницы 44
2025-09-29 11:03:10,438 - INFO - [MiniCPM] Классификация страницы 44 начата
2025-09-29 11:03:10,441 - INFO - [MiniCPM] Извлечён код=D00663404100000001Y, заголовок=2-28 
MAIN LOAD HOOK
2025-09-29 11:03:11,163 - INFO - [MiniCPM] Регулярка нашла код, предварительный тип: specification
2025-09-29 11:03:11,234 - INFO - [MiniCPM] Рендер страницы 44 в изображение завершён
2025-09-29 11:03:11,883 - INFO - [MiniCPM] MiniCPM вернул page_type=specification
2025-09-29 11:03:11,883 - INFO - Page 44: result from analyzer -> type=specification, code=D00663404100000001Y, title=2-28 
MAIN LOAD HOOK
2025-09-29 11:03:11,883 - INFO - Действие: add_specification (specification)
2025-09-29 11:03:11,888 - INFO - Блок после add_specification: current_key=D00663404100000001Y, страницы=[43, 44]
2025-09-29 11:03:11,888 - INFO - Обработка страницы 45
2025-09-29 11:03:11,888 - INFO - Вызов analyzer.classify_with_minicpm для страницы 45
2025-09-29 11:03:11,888 - INFO - [MiniCPM] Классификация страницы 45 начата
2025-09-29 11:03:11,912 - INFO - [MiniCPM] Извлечён код=D00663404200200002Y, заголовок=None
2025-09-29 11:03:13,735 - INFO - [MiniCPM] Регулярка нашла код, предварительный тип: specification
2025-09-29 11:03:13,831 - INFO - [MiniCPM] Рендер страницы 45 в изображение завершён
2025-09-29 11:03:14,461 - INFO - [MiniCPM] MiniCPM вернул page_type=drawing_specification
2025-09-29 11:03:14,461 - INFO - Page 45: result from analyzer -> type=drawing_specification, code=D00663404200200002Y, title=None
2025-09-29 11:03:14,461 - INFO - Действие: start_new_block
2025-09-29 11:03:14,463 - INFO - Создан PDF: /root/Split_Pdf/for_test/rezult1/D00663404100000001Y.pdf
2025-09-29 11:03:14,463 - INFO - [Builder] Новый блок: D00663404200200002Y, страницы=[45]
2025-09-29 11:03:14,464 - INFO - Блок после start_new_block: current_key=D00663404200200002Y, страницы=[45]
2025-09-29 11:03:14,464 - INFO - Действие: add_specification (drawing_specification)
2025-09-29 11:03:14,464 - INFO - Блок после add_specification: current_key=D00663404200200002Y, страницы=[45]
2025-09-29 11:03:14,464 - INFO - Обработка страницы 46
2025-09-29 11:03:14,464 - INFO - Вызов analyzer.classify_with_minicpm для страницы 46
2025-09-29 11:03:14,464 - INFO - [MiniCPM] Классификация страницы 46 начата
2025-09-29 11:03:14,467 - INFO - [MiniCPM] Извлечён код=D00663404200200002Y, заголовок=
2025-09-29 11:03:15,154 - INFO - [MiniCPM] Регулярка нашла код, предварительный тип: specification
2025-09-29 11:03:15,222 - INFO - [MiniCPM] Рендер страницы 46 в изображение завершён
2025-09-29 11:03:15,808 - INFO - [MiniCPM] MiniCPM вернул page_type=specification
2025-09-29 11:03:15,809 - INFO - Page 46: result from analyzer -> type=specification, code=D00663404200200002Y, title=
2025-09-29 11:03:15,809 - INFO - Действие: add_specification (specification)
2025-09-29 11:03:15,809 - INFO - Блок после add_specification: current_key=D00663404200200002Y, страницы=[45, 46]
2025-09-29 11:03:15,809 - INFO - Обработка страницы 47
2025-09-29 11:03:15,809 - INFO - Вызов analyzer.classify_with_minicpm для страницы 47
2025-09-29 11:03:15,809 - INFO - [MiniCPM] Классификация страницы 47 начата
2025-09-29 11:03:15,844 - INFO - [MiniCPM] Извлечён код=D00663404200400002Y, заголовок=None
2025-09-29 11:03:17,631 - INFO - [MiniCPM] Регулярка нашла код, предварительный тип: specification
2025-09-29 11:03:17,727 - INFO - [MiniCPM] Рендер страницы 47 в изображение завершён
2025-09-29 11:03:18,330 - INFO - [MiniCPM] MiniCPM вернул page_type=drawing_specification
2025-09-29 11:03:18,330 - INFO - Page 47: result from analyzer -> type=drawing_specification, code=D00663404200400002Y, title=None
2025-09-29 11:03:18,330 - INFO - Действие: start_new_block
2025-09-29 11:03:18,332 - INFO - Создан PDF: /root/Split_Pdf/for_test/rezult1/D00663404200200002Y.pdf
2025-09-29 11:03:18,332 - INFO - [Builder] Новый блок: D00663404200400002Y, страницы=[47]
2025-09-29 11:03:18,332 - INFO - Блок после start_new_block: current_key=D00663404200400002Y, страницы=[47]
2025-09-29 11:03:18,332 - INFO - Действие: add_specification (drawing_specification)
2025-09-29 11:03:18,332 - INFO - Блок после add_specification: current_key=D00663404200400002Y, страницы=[47]
2025-09-29 11:03:18,332 - INFO - Обработка страницы 48
2025-09-29 11:03:18,332 - INFO - Вызов analyzer.classify_with_minicpm для страницы 48
2025-09-29 11:03:18,332 - INFO - [MiniCPM] Классификация страницы 48 начата
2025-09-29 11:03:18,335 - INFO - [MiniCPM] Извлечён код=D00663404200400002Y, заголовок=
2025-09-29 11:03:19,194 - INFO - [MiniCPM] Регулярка нашла код, предварительный тип: specification
2025-09-29 11:03:19,257 - INFO - [MiniCPM] Рендер страницы 48 в изображение завершён
2025-09-29 11:03:19,836 - INFO - [MiniCPM] MiniCPM вернул page_type=specification
2025-09-29 11:03:19,836 - INFO - Page 48: result from analyzer -> type=specification, code=D00663404200400002Y, title=
2025-09-29 11:03:19,836 - INFO - Действие: add_specification (specification)
2025-09-29 11:03:19,836 - INFO - Блок после add_specification: current_key=D00663404200400002Y, страницы=[47, 48]
2025-09-29 11:03:19,836 - INFO - Обработка страницы 49
2025-09-29 11:03:19,836 - INFO - Вызов analyzer.classify_with_minicpm для страницы 49
2025-09-29 11:03:19,836 - INFO - [MiniCPM] Классификация страницы 49 начата
2025-09-29 11:03:19,837 - INFO - [MiniCPM] Извлечён код=D00663404200400002Y, заголовок=
2025-09-29 11:03:20,293 - INFO - [MiniCPM] Регулярка нашла код, предварительный тип: specification
2025-09-29 11:03:20,340 - INFO - [MiniCPM] Рендер страницы 49 в изображение завершён
2025-09-29 11:03:20,908 - INFO - [MiniCPM] MiniCPM вернул page_type=specification
2025-09-29 11:03:20,909 - INFO - Page 49: result from analyzer -> type=specification, code=D00663404200400002Y, title=
2025-09-29 11:03:20,909 - INFO - Действие: add_specification (specification)
2025-09-29 11:03:20,909 - INFO - Блок после add_specification: current_key=D00663404200400002Y, страницы=[47, 48, 49]
2025-09-29 11:03:20,911 - INFO - Создан PDF: /root/Split_Pdf/for_test/rezult1/D00663404200400002Y.pdf
2025-09-29 11:03:20,911 - INFO - [Builder] Отброшены несопоставленные спецификации: ['Contents', 'FOREWORD', 'ZOOMLION PARTS CATALOG', '2-7 \nMAIN BOOM HEAD ATTACHMENTS ASSEMBLY D00663300102600001Y', '2-13 \nROPE SUPPORT D00663300102000000Y', '2-19 \n3M MAIN BOOM INTERMEDIATE SECTION ATTACHMENTS\nASSEMBLY D00663300102800001Y', '2-25 \nLUFFING JIB DERRICKING WINCH D00663402000400002Y']
2025-09-29 11:03:20,911 - INFO - Финализация блоков, всего сгенерировано 18 файлов
2025-09-29 11:03:20,911 - INFO - Сгенерированные файлы: ['/root/Split_Pdf/for_test/rezult1/ZOOMLION.pdf', '/root/Split_Pdf/for_test/rezult1/D00663400002000000Y.pdf', '/root/Split_Pdf/for_test/rezult1/ZOOMLION ZOOMLION.pdf', '/root/Split_Pdf/for_test/rezult1/D0066340012000000Y.pdf', '/root/Split_Pdf/for_test/rezult1/D00663400120400000Y.pdf', '/root/Split_Pdf/for_test/rezult1/D00663300102600001Y.pdf', '/root/Split_Pdf/for_test/rezult1/D00663400102400001Y.pdf', '/root/Split_Pdf/for_test/rezult1/D00663400112400001Y.pdf', '/root/Split_Pdf/for_test/rezult1/D00663300102000000Y.pdf', '/root/Split_Pdf/for_test/rezult1/D00663300102200000Y.pdf', '/root/Split_Pdf/for_test/rezult1/D00663400100800001Y.pdf', '/root/Split_Pdf/for_test/rezult1/D00663300102800001Y.pdf', '/root/Split_Pdf/for_test/rezult1/D00663300103000001Y.pdf', '/root/Split_Pdf/for_test/rezult1/D00663300103200001Y.pdf', '/root/Split_Pdf/for_test/rezult1/D00663402000400002Y.pdf', '/root/Split_Pdf/for_test/rezult1/D00663404100000001Y.pdf', '/root/Split_Pdf/for_test/rezult1/D00663404200200002Y.pdf', '/root/Split_Pdf/for_test/rezult1/D00663404200400002Y.pdf']
2025-09-29 11:03:20,911 - INFO - Сгенерированные файлы: ['/root/Split_Pdf/for_test/rezult1/ZOOMLION.pdf', '/root/Split_Pdf/for_test/rezult1/D00663400002000000Y.pdf', '/root/Split_Pdf/for_test/rezult1/ZOOMLION ZOOMLION.pdf', '/root/Split_Pdf/for_test/rezult1/D0066340012000000Y.pdf', '/root/Split_Pdf/for_test/rezult1/D00663400120400000Y.pdf', '/root/Split_Pdf/for_test/rezult1/D00663300102600001Y.pdf', '/root/Split_Pdf/for_test/rezult1/D00663400102400001Y.pdf', '/root/Split_Pdf/for_test/rezult1/D00663400112400001Y.pdf', '/root/Split_Pdf/for_test/rezult1/D00663300102000000Y.pdf', '/root/Split_Pdf/for_test/rezult1/D00663300102200000Y.pdf', '/root/Split_Pdf/for_test/rezult1/D00663400100800001Y.pdf', '/root/Split_Pdf/for_test/rezult1/D00663300102800001Y.pdf', '/root/Split_Pdf/for_test/rezult1/D00663300103000001Y.pdf', '/root/Split_Pdf/for_test/rezult1/D00663300103200001Y.pdf', '/root/Split_Pdf/for_test/rezult1/D00663402000400002Y.pdf', '/root/Split_Pdf/for_test/rezult1/D00663404100000001Y.pdf', '/root/Split_Pdf/for_test/rezult1/D00663404200200002Y.pdf', '/root/Split_Pdf/for_test/rezult1/D00663404200400002Y.pdf']
2025-09-29 11:03:20,913 - INFO - Ресурсы PdfCatalogSplitter закрыты
2025-09-29 11:10:03,737 - INFO - Запуск обработки файла: /root/Split_Pdf/for_test/cleaned_36_QUY260CR 32Y Crawler Crane Spare parts catalog-1-50.pdf
2025-09-29 11:10:07,599 - INFO - Используется GPU: NVIDIA GeForce RTX 4090
2025-09-29 11:10:15,194 - INFO - Инициализация PdfCatalogSplitter для файла: /root/Split_Pdf/for_test/cleaned_36_QUY260CR 32Y Crawler Crane Spare parts catalog-1-50.pdf
2025-09-29 11:10:15,194 - INFO - Начало обработки PDF: 36 страниц всего
2025-09-29 11:10:15,194 - INFO - Обработка страницы 0
2025-09-29 11:10:15,194 - INFO - Вызов analyzer.classify_with_minicpm для страницы 0
2025-09-29 11:10:15,194 - INFO - [MiniCPM] Классификация страницы 0 начата
2025-09-29 11:10:15,245 - INFO - [MiniCPM] Извлечён код=D00663400002000000Y, заголовок=1-1 
QUY260CR CRAWLER CRANE
2025-09-29 11:10:17,888 - INFO - [MiniCPM] Регулярка нашла код, предварительный тип: specification
2025-09-29 11:10:18,014 - INFO - [MiniCPM] Рендер страницы 0 в изображение завершён
2025-09-29 11:10:23,126 - INFO - [MiniCPM] MiniCPM вернул page_type=drawing
2025-09-29 11:10:23,126 - INFO - Page 0: result from analyzer -> type=drawing, code=D00663400002000000Y, title=1-1 
QUY260CR CRAWLER CRANE
2025-09-29 11:10:23,126 - INFO - Действие: start_new_block
2025-09-29 11:10:23,126 - INFO - [Builder] Новый блок: D00663400002000000Y, страницы=[0]
2025-09-29 11:10:23,126 - INFO - Блок после start_new_block: current_key=D00663400002000000Y, страницы=[0]
2025-09-29 11:10:23,126 - INFO - Обработка страницы 1
2025-09-29 11:10:23,126 - INFO - Вызов analyzer.classify_with_minicpm для страницы 1
2025-09-29 11:10:23,126 - INFO - [MiniCPM] Классификация страницы 1 начата
2025-09-29 11:10:23,132 - INFO - [MiniCPM] Извлечён код=D00663400002000000Y, заголовок=00 
2
00 
2
10
00 
2
00 
2
04 
04 
 
1-2 
QUY260CR CRAWLER CRANE
2025-09-29 11:10:24,094 - INFO - [MiniCPM] Регулярка нашла код, предварительный тип: specification
2025-09-29 11:10:24,161 - INFO - [MiniCPM] Рендер страницы 1 в изображение завершён
2025-09-29 11:10:24,900 - INFO - [MiniCPM] MiniCPM вернул page_type=specification
2025-09-29 11:10:24,903 - INFO - Page 1: result from analyzer -> type=specification, code=D00663400002000000Y, title=00 
2
00 
2
10
00 
2
00 
2
04 
04 
 
1-2 
QUY260CR CRAWLER CRANE
2025-09-29 11:10:24,903 - INFO - Действие: add_specification (specification)
2025-09-29 11:10:24,909 - INFO - Блок после add_specification: current_key=D00663400002000000Y, страницы=[0, 1]
2025-09-29 11:10:24,909 - INFO - Обработка страницы 2
2025-09-29 11:10:24,909 - INFO - Вызов analyzer.classify_with_minicpm для страницы 2
2025-09-29 11:10:24,909 - INFO - [MiniCPM] Классификация страницы 2 начата
2025-09-29 11:10:24,915 - INFO - [MiniCPM] Извлечён код=D00663400002000000Y, заголовок=00 
2
01 
1
4
00 
2
4
 
1-3 
QUY260CR CRAWLER CRANE
2025-09-29 11:10:25,715 - INFO - [MiniCPM] Регулярка нашла код, предварительный тип: specification
2025-09-29 11:10:25,783 - INFO - [MiniCPM] Рендер страницы 2 в изображение завершён
2025-09-29 11:10:26,587 - INFO - [MiniCPM] MiniCPM вернул page_type=specification
2025-09-29 11:10:26,591 - INFO - Page 2: result from analyzer -> type=specification, code=D00663400002000000Y, title=00 
2
01 
1
4
00 
2
4
 
1-3 
QUY260CR CRAWLER CRANE
2025-09-29 11:10:26,592 - INFO - Действие: add_specification (specification)
2025-09-29 11:10:26,597 - INFO - Блок после add_specification: current_key=D00663400002000000Y, страницы=[0, 1, 2]
2025-09-29 11:10:26,598 - INFO - Обработка страницы 3
2025-09-29 11:10:26,598 - INFO - Вызов analyzer.classify_with_minicpm для страницы 3
2025-09-29 11:10:26,598 - INFO - [MiniCPM] Классификация страницы 3 начата
2025-09-29 11:10:26,601 - INFO - [MiniCPM] Извлечён код=D00663400002000000Y, заголовок=1-4 
QUY260CR CRAWLER CRANE
2025-09-29 11:10:27,207 - INFO - [MiniCPM] Регулярка нашла код, предварительный тип: specification
2025-09-29 11:10:27,266 - INFO - [MiniCPM] Рендер страницы 3 в изображение завершён
2025-09-29 11:10:28,007 - INFO - [MiniCPM] MiniCPM вернул page_type=specification
2025-09-29 11:10:28,007 - INFO - Page 3: result from analyzer -> type=specification, code=D00663400002000000Y, title=1-4 
QUY260CR CRAWLER CRANE
2025-09-29 11:10:28,007 - INFO - Действие: add_specification (specification)
2025-09-29 11:10:28,010 - INFO - Блок после add_specification: current_key=D00663400002000000Y, страницы=[0, 1, 2, 3]
2025-09-29 11:10:28,010 - INFO - Обработка страницы 4
2025-09-29 11:10:28,010 - INFO - Вызов analyzer.classify_with_minicpm для страницы 4
2025-09-29 11:10:28,010 - INFO - [MiniCPM] Классификация страницы 4 начата
2025-09-29 11:10:28,025 - INFO - [MiniCPM] Извлечён код=None, заголовок=None
2025-09-29 11:10:28,114 - INFO - [MiniCPM] Рендер страницы 4 для полного анализа
2025-09-29 11:10:30,197 - INFO - [MiniCPM] MiniCPM вернул: drawing,D0066340012000000Y,MAIN BOOM ASSY.
2025-09-29 11:10:30,198 - INFO - [MiniCPM] Финальный результат: page_type=drawing, code=D0066340012000000Y, title=MAIN BOOM ASSY
2025-09-29 11:10:30,198 - INFO - Page 4: result from analyzer -> type=drawing, code=D0066340012000000Y, title=MAIN BOOM ASSY
2025-09-29 11:10:30,198 - INFO - Действие: start_new_block
2025-09-29 11:10:30,201 - INFO - Создан PDF: /root/Split_Pdf/for_test/rezult2/D00663400002000000Y.pdf
2025-09-29 11:10:30,202 - INFO - [Builder] Новый блок: D0066340012000000Y, страницы=[4]
2025-09-29 11:10:30,202 - INFO - Блок после start_new_block: current_key=D0066340012000000Y, страницы=[4]
2025-09-29 11:10:30,202 - INFO - Обработка страницы 5
2025-09-29 11:10:30,202 - INFO - Вызов analyzer.classify_with_minicpm для страницы 5
2025-09-29 11:10:30,202 - INFO - [MiniCPM] Классификация страницы 5 начата
2025-09-29 11:10:30,206 - INFO - [MiniCPM] Извлечён код=D00663400120000000Y, заголовок=
2025-09-29 11:10:30,829 - INFO - [MiniCPM] Регулярка нашла код, предварительный тип: specification
2025-09-29 11:10:30,892 - INFO - [MiniCPM] Рендер страницы 5 в изображение завершён
2025-09-29 11:10:31,861 - INFO - [MiniCPM] MiniCPM вернул page_type=specification
2025-09-29 11:10:31,861 - INFO - Page 5: result from analyzer -> type=specification, code=D00663400120000000Y, title=
2025-09-29 11:10:31,861 - INFO - Действие: add_specification (specification)
2025-09-29 11:10:31,866 - INFO - Блок после add_specification: current_key=D0066340012000000Y, страницы=[4, 5]
2025-09-29 11:10:31,866 - INFO - Обработка страницы 6
2025-09-29 11:10:31,866 - INFO - Вызов analyzer.classify_with_minicpm для страницы 6
2025-09-29 11:10:31,866 - INFO - [MiniCPM] Классификация страницы 6 начата
2025-09-29 11:10:31,882 - INFO - [MiniCPM] Извлечён код=D00663400120400000Y, заголовок=
2025-09-29 11:10:33,066 - INFO - [MiniCPM] Регулярка нашла код, предварительный тип: specification
2025-09-29 11:10:33,167 - INFO - [MiniCPM] Рендер страницы 6 в изображение завершён
2025-09-29 11:10:34,149 - INFO - [MiniCPM] MiniCPM вернул page_type=drawing_specification
2025-09-29 11:10:34,149 - INFO - Page 6: result from analyzer -> type=drawing_specification, code=D00663400120400000Y, title=
2025-09-29 11:10:34,149 - INFO - Действие: start_new_block
2025-09-29 11:10:34,151 - INFO - Создан PDF: /root/Split_Pdf/for_test/rezult2/D0066340012000000Y.pdf
2025-09-29 11:10:34,151 - INFO - [Builder] Новый блок: D00663400120400000Y, страницы=[6]
2025-09-29 11:10:34,151 - INFO - Блок после start_new_block: current_key=D00663400120400000Y, страницы=[6]
2025-09-29 11:10:34,151 - INFO - Действие: add_specification (drawing_specification)
2025-09-29 11:10:34,151 - INFO - Блок после add_specification: current_key=D00663400120400000Y, страницы=[6]
2025-09-29 11:10:34,151 - INFO - Обработка страницы 7
2025-09-29 11:10:34,152 - INFO - Вызов analyzer.classify_with_minicpm для страницы 7
2025-09-29 11:10:34,152 - INFO - [MiniCPM] Классификация страницы 7 начата
2025-09-29 11:10:34,158 - INFO - [MiniCPM] Извлечён код=D00663400120400000Y, заголовок=
2025-09-29 11:10:34,868 - INFO - [MiniCPM] Регулярка нашла код, предварительный тип: specification
2025-09-29 11:10:34,938 - INFO - [MiniCPM] Рендер страницы 7 в изображение завершён
2025-09-29 11:10:35,808 - INFO - [MiniCPM] MiniCPM вернул page_type=specification
2025-09-29 11:10:35,808 - INFO - Page 7: result from analyzer -> type=specification, code=D00663400120400000Y, title=
2025-09-29 11:10:35,808 - INFO - Действие: add_specification (specification)
2025-09-29 11:10:35,808 - INFO - Блок после add_specification: current_key=D00663400120400000Y, страницы=[6, 7]
2025-09-29 11:10:35,808 - INFO - Обработка страницы 8
2025-09-29 11:10:35,808 - INFO - Вызов analyzer.classify_with_minicpm для страницы 8
2025-09-29 11:10:35,808 - INFO - [MiniCPM] Классификация страницы 8 начата
2025-09-29 11:10:35,812 - INFO - [MiniCPM] Извлечён код=D00663400120400000Y, заголовок=
2025-09-29 11:10:36,304 - INFO - [MiniCPM] Регулярка нашла код, предварительный тип: specification
2025-09-29 11:10:36,362 - INFO - [MiniCPM] Рендер страницы 8 в изображение завершён
2025-09-29 11:10:37,019 - INFO - [MiniCPM] MiniCPM вернул page_type=specification
2025-09-29 11:10:37,019 - INFO - Page 8: result from analyzer -> type=specification, code=D00663400120400000Y, title=
2025-09-29 11:10:37,019 - INFO - Действие: add_specification (specification)
2025-09-29 11:10:37,019 - INFO - Блок после add_specification: current_key=D00663400120400000Y, страницы=[6, 7, 8]
2025-09-29 11:10:37,019 - INFO - Обработка страницы 9
2025-09-29 11:10:37,019 - INFO - Вызов analyzer.classify_with_minicpm для страницы 9
2025-09-29 11:10:37,019 - INFO - [MiniCPM] Классификация страницы 9 начата
2025-09-29 11:10:37,028 - INFO - [MiniCPM] Извлечён код=D00663300102600001Y, заголовок=2-7 
MAIN BOOM HEAD ATTACHMENTS ASSEMBLY
2025-09-29 11:10:38,086 - INFO - [MiniCPM] Регулярка нашла код, предварительный тип: specification
2025-09-29 11:10:38,170 - INFO - [MiniCPM] Рендер страницы 9 в изображение завершён
2025-09-29 11:10:38,732 - INFO - [MiniCPM] MiniCPM вернул page_type=drawing
2025-09-29 11:10:38,733 - INFO - Page 9: result from analyzer -> type=drawing, code=D00663300102600001Y, title=2-7 
MAIN BOOM HEAD ATTACHMENTS ASSEMBLY
2025-09-29 11:10:38,733 - INFO - Действие: start_new_block
2025-09-29 11:10:38,737 - INFO - Создан PDF: /root/Split_Pdf/for_test/rezult2/D00663400120400000Y.pdf
2025-09-29 11:10:38,738 - INFO - [Builder] Новый блок: D00663300102600001Y, страницы=[9]
2025-09-29 11:10:38,738 - INFO - Блок после start_new_block: current_key=D00663300102600001Y, страницы=[9]
2025-09-29 11:10:38,738 - INFO - Обработка страницы 10
2025-09-29 11:10:38,738 - INFO - Вызов analyzer.classify_with_minicpm для страницы 10
2025-09-29 11:10:38,738 - INFO - [MiniCPM] Классификация страницы 10 начата
2025-09-29 11:10:38,742 - INFO - [MiniCPM] Извлечён код=D00663300102600001Y, заголовок=2-8 
MAIN BOOM HEAD ATTACHMENTS ASSEMBLY
2025-09-29 11:10:39,297 - INFO - [MiniCPM] Регулярка нашла код, предварительный тип: specification
2025-09-29 11:10:39,354 - INFO - [MiniCPM] Рендер страницы 10 в изображение завершён
2025-09-29 11:10:39,934 - INFO - [MiniCPM] MiniCPM вернул page_type=specification
2025-09-29 11:10:39,934 - INFO - Page 10: result from analyzer -> type=specification, code=D00663300102600001Y, title=2-8 
MAIN BOOM HEAD ATTACHMENTS ASSEMBLY
2025-09-29 11:10:39,934 - INFO - Действие: add_specification (specification)
2025-09-29 11:10:39,936 - INFO - Блок после add_specification: current_key=D00663300102600001Y, страницы=[9, 10]
2025-09-29 11:10:39,936 - INFO - Обработка страницы 11
2025-09-29 11:10:39,936 - INFO - Вызов analyzer.classify_with_minicpm для страницы 11
2025-09-29 11:10:39,936 - INFO - [MiniCPM] Классификация страницы 11 начата
2025-09-29 11:10:39,945 - INFO - [MiniCPM] Извлечён код=D00663400102400001Y, заголовок=2-9 
MAIN BOOM PIVOT SECTION ATTACHMENTS ASSEMBLY
2025-09-29 11:10:40,747 - INFO - [MiniCPM] Регулярка нашла код, предварительный тип: specification
2025-09-29 11:10:40,833 - INFO - [MiniCPM] Рендер страницы 11 в изображение завершён
2025-09-29 11:10:41,418 - INFO - [MiniCPM] MiniCPM вернул page_type=drawing
2025-09-29 11:10:41,419 - INFO - Page 11: result from analyzer -> type=drawing, code=D00663400102400001Y, title=2-9 
MAIN BOOM PIVOT SECTION ATTACHMENTS ASSEMBLY
2025-09-29 11:10:41,419 - INFO - Действие: start_new_block
2025-09-29 11:10:41,420 - INFO - Создан PDF: /root/Split_Pdf/for_test/rezult2/D00663300102600001Y.pdf
2025-09-29 11:10:41,420 - INFO - [Builder] Новый блок: D00663400102400001Y, страницы=[11]
2025-09-29 11:10:41,420 - INFO - Блок после start_new_block: current_key=D00663400102400001Y, страницы=[11]
2025-09-29 11:10:41,420 - INFO - Обработка страницы 12
2025-09-29 11:10:41,421 - INFO - Вызов analyzer.classify_with_minicpm для страницы 12
2025-09-29 11:10:41,421 - INFO - [MiniCPM] Классификация страницы 12 начата
2025-09-29 11:10:41,424 - INFO - [MiniCPM] Извлечён код=D00663400102400001Y, заголовок=2-10 
MAIN BOOM PIVOT SECTION ATTACHMENTS ASSEMBLY
2025-09-29 11:10:41,950 - INFO - [MiniCPM] Регулярка нашла код, предварительный тип: specification
2025-09-29 11:10:42,008 - INFO - [MiniCPM] Рендер страницы 12 в изображение завершён
2025-09-29 11:10:42,608 - INFO - [MiniCPM] MiniCPM вернул page_type=specification
2025-09-29 11:10:42,608 - INFO - Page 12: result from analyzer -> type=specification, code=D00663400102400001Y, title=2-10 
MAIN BOOM PIVOT SECTION ATTACHMENTS ASSEMBLY
2025-09-29 11:10:42,609 - INFO - Действие: add_specification (specification)
2025-09-29 11:10:42,611 - INFO - Блок после add_specification: current_key=D00663400102400001Y, страницы=[11, 12]
2025-09-29 11:10:42,611 - INFO - Обработка страницы 13
2025-09-29 11:10:42,611 - INFO - Вызов analyzer.classify_with_minicpm для страницы 13
2025-09-29 11:10:42,611 - INFO - [MiniCPM] Классификация страницы 13 начата
2025-09-29 11:10:42,618 - INFO - [MiniCPM] Извлечён код=D00663400112400001Y, заголовок=2-11 
MAIN BOOM PIVOT SECTION ATTACHMENTS ASSEMBLY
2025-09-29 11:10:43,438 - INFO - [MiniCPM] Регулярка нашла код, предварительный тип: specification
2025-09-29 11:10:43,522 - INFO - [MiniCPM] Рендер страницы 13 в изображение завершён
2025-09-29 11:10:44,065 - INFO - [MiniCPM] MiniCPM вернул page_type=drawing
2025-09-29 11:10:44,066 - INFO - Page 13: result from analyzer -> type=drawing, code=D00663400112400001Y, title=2-11 
MAIN BOOM PIVOT SECTION ATTACHMENTS ASSEMBLY
2025-09-29 11:10:44,066 - INFO - Действие: start_new_block
2025-09-29 11:10:44,067 - INFO - Создан PDF: /root/Split_Pdf/for_test/rezult2/D00663400102400001Y.pdf
2025-09-29 11:10:44,067 - INFO - [Builder] Новый блок: D00663400112400001Y, страницы=[13]
2025-09-29 11:10:44,067 - INFO - Блок после start_new_block: current_key=D00663400112400001Y, страницы=[13]
2025-09-29 11:10:44,068 - INFO - Обработка страницы 14
2025-09-29 11:10:44,068 - INFO - Вызов analyzer.classify_with_minicpm для страницы 14
2025-09-29 11:10:44,068 - INFO - [MiniCPM] Классификация страницы 14 начата
2025-09-29 11:10:44,070 - INFO - [MiniCPM] Извлечён код=D00663400112400001Y, заголовок=2-12 
MAIN BOOM PIVOT SECTION ATTACHMENTS ASSEMBLY
2025-09-29 11:10:44,591 - INFO - [MiniCPM] Регулярка нашла код, предварительный тип: specification
2025-09-29 11:10:44,645 - INFO - [MiniCPM] Рендер страницы 14 в изображение завершён
2025-09-29 11:10:45,206 - INFO - [MiniCPM] MiniCPM вернул page_type=specification
2025-09-29 11:10:45,206 - INFO - Page 14: result from analyzer -> type=specification, code=D00663400112400001Y, title=2-12 
MAIN BOOM PIVOT SECTION ATTACHMENTS ASSEMBLY
2025-09-29 11:10:45,206 - INFO - Действие: add_specification (specification)
2025-09-29 11:10:45,208 - INFO - Блок после add_specification: current_key=D00663400112400001Y, страницы=[13, 14]
2025-09-29 11:10:45,208 - INFO - Обработка страницы 15
2025-09-29 11:10:45,208 - INFO - Вызов analyzer.classify_with_minicpm для страницы 15
2025-09-29 11:10:45,208 - INFO - [MiniCPM] Классификация страницы 15 начата
2025-09-29 11:10:45,213 - INFO - [MiniCPM] Извлечён код=D00663300102000000Y, заголовок=2-13 
ROPE SUPPORT
2025-09-29 11:10:45,835 - INFO - [MiniCPM] Регулярка нашла код, предварительный тип: specification
2025-09-29 11:10:45,891 - INFO - [MiniCPM] Рендер страницы 15 в изображение завершён
2025-09-29 11:10:46,495 - INFO - [MiniCPM] MiniCPM вернул page_type=drawing_specification
2025-09-29 11:10:46,495 - INFO - Page 15: result from analyzer -> type=drawing_specification, code=D00663300102000000Y, title=2-13 
ROPE SUPPORT
2025-09-29 11:10:46,495 - INFO - Действие: start_new_block
2025-09-29 11:10:46,497 - INFO - Создан PDF: /root/Split_Pdf/for_test/rezult2/D00663400112400001Y.pdf
2025-09-29 11:10:46,497 - INFO - [Builder] Новый блок: D00663300102000000Y, страницы=[15]
2025-09-29 11:10:46,497 - INFO - Блок после start_new_block: current_key=D00663300102000000Y, страницы=[15]
2025-09-29 11:10:46,497 - INFO - Действие: add_specification (drawing_specification)
2025-09-29 11:10:46,503 - INFO - Блок после add_specification: current_key=D00663300102000000Y, страницы=[15]
2025-09-29 11:10:46,503 - INFO - Обработка страницы 16
2025-09-29 11:10:46,503 - INFO - Вызов analyzer.classify_with_minicpm для страницы 16
2025-09-29 11:10:46,503 - INFO - [MiniCPM] Классификация страницы 16 начата
2025-09-29 11:10:46,506 - INFO - [MiniCPM] Извлечён код=D00663300102000000Y, заголовок=2-14 
ROPE SUPPORT
2025-09-29 11:10:46,985 - INFO - [MiniCPM] Регулярка нашла код, предварительный тип: specification
2025-09-29 11:10:47,034 - INFO - [MiniCPM] Рендер страницы 16 в изображение завершён
2025-09-29 11:10:47,596 - INFO - [MiniCPM] MiniCPM вернул page_type=specification
2025-09-29 11:10:47,596 - INFO - Page 16: result from analyzer -> type=specification, code=D00663300102000000Y, title=2-14 
ROPE SUPPORT
2025-09-29 11:10:47,597 - INFO - Действие: add_specification (specification)
2025-09-29 11:10:47,598 - INFO - Блок после add_specification: current_key=D00663300102000000Y, страницы=[15, 16]
2025-09-29 11:10:47,598 - INFO - Обработка страницы 17
2025-09-29 11:10:47,598 - INFO - Вызов analyzer.classify_with_minicpm для страницы 17
2025-09-29 11:10:47,598 - INFO - [MiniCPM] Классификация страницы 17 начата
2025-09-29 11:10:47,605 - INFO - [MiniCPM] Извлечён код=D00663300102200000Y, заголовок=2-15 
ANGLE INDICATOR
2025-09-29 11:10:48,322 - INFO - [MiniCPM] Регулярка нашла код, предварительный тип: specification
2025-09-29 11:10:48,387 - INFO - [MiniCPM] Рендер страницы 17 в изображение завершён
2025-09-29 11:10:48,992 - INFO - [MiniCPM] MiniCPM вернул page_type=drawing_specification
2025-09-29 11:10:48,993 - INFO - Page 17: result from analyzer -> type=drawing_specification, code=D00663300102200000Y, title=2-15 
ANGLE INDICATOR
2025-09-29 11:10:48,993 - INFO - Действие: start_new_block
2025-09-29 11:10:48,994 - INFO - Создан PDF: /root/Split_Pdf/for_test/rezult2/D00663300102000000Y.pdf
2025-09-29 11:10:48,994 - INFO - [Builder] Новый блок: D00663300102200000Y, страницы=[17]
2025-09-29 11:10:48,994 - INFO - Блок после start_new_block: current_key=D00663300102200000Y, страницы=[17]
2025-09-29 11:10:48,994 - INFO - Действие: add_specification (drawing_specification)
2025-09-29 11:10:49,003 - INFO - Блок после add_specification: current_key=D00663300102200000Y, страницы=[17]
2025-09-29 11:10:49,003 - INFO - Обработка страницы 18
2025-09-29 11:10:49,003 - INFO - Вызов analyzer.classify_with_minicpm для страницы 18
2025-09-29 11:10:49,003 - INFO - [MiniCPM] Классификация страницы 18 начата
2025-09-29 11:10:49,006 - INFO - [MiniCPM] Извлечён код=D00663300102200000Y, заголовок=2-16 
ANGLE INDICATOR
2025-09-29 11:10:49,527 - INFO - [MiniCPM] Регулярка нашла код, предварительный тип: specification
2025-09-29 11:10:49,584 - INFO - [MiniCPM] Рендер страницы 18 в изображение завершён
2025-09-29 11:10:50,158 - INFO - [MiniCPM] MiniCPM вернул page_type=specification
2025-09-29 11:10:50,161 - INFO - Page 18: result from analyzer -> type=specification, code=D00663300102200000Y, title=2-16 
ANGLE INDICATOR
2025-09-29 11:10:50,161 - INFO - Действие: add_specification (specification)
2025-09-29 11:10:50,164 - INFO - Блок после add_specification: current_key=D00663300102200000Y, страницы=[17, 18]
2025-09-29 11:10:50,164 - INFO - Обработка страницы 19
2025-09-29 11:10:50,164 - INFO - Вызов analyzer.classify_with_minicpm для страницы 19
2025-09-29 11:10:50,164 - INFO - [MiniCPM] Классификация страницы 19 начата
2025-09-29 11:10:50,172 - INFO - [MiniCPM] Извлечён код=D00663400100800001Y, заголовок=None
2025-09-29 11:10:50,976 - INFO - [MiniCPM] Регулярка нашла код, предварительный тип: specification
2025-09-29 11:10:51,042 - INFO - [MiniCPM] Рендер страницы 19 в изображение завершён
2025-09-29 11:10:51,708 - INFO - [MiniCPM] MiniCPM вернул page_type=drawing_specification
2025-09-29 11:10:51,712 - INFO - Page 19: result from analyzer -> type=drawing_specification, code=D00663400100800001Y, title=None
2025-09-29 11:10:51,713 - INFO - Действие: start_new_block
2025-09-29 11:10:51,715 - INFO - Создан PDF: /root/Split_Pdf/for_test/rezult2/D00663300102200000Y.pdf
2025-09-29 11:10:51,715 - INFO - [Builder] Новый блок: D00663400100800001Y, страницы=[19]
2025-09-29 11:10:51,715 - INFO - Блок после start_new_block: current_key=D00663400100800001Y, страницы=[19]
2025-09-29 11:10:51,715 - INFO - Действие: add_specification (drawing_specification)
2025-09-29 11:10:51,715 - INFO - Блок после add_specification: current_key=D00663400100800001Y, страницы=[19]
2025-09-29 11:10:51,715 - INFO - Обработка страницы 20
2025-09-29 11:10:51,715 - INFO - Вызов analyzer.classify_with_minicpm для страницы 20
2025-09-29 11:10:51,715 - INFO - [MiniCPM] Классификация страницы 20 начата
2025-09-29 11:10:51,719 - INFO - [MiniCPM] Извлечён код=D00663400100800001Y, заголовок=
2025-09-29 11:10:52,341 - INFO - [MiniCPM] Регулярка нашла код, предварительный тип: specification
2025-09-29 11:10:52,401 - INFO - [MiniCPM] Рендер страницы 20 в изображение завершён
2025-09-29 11:10:53,022 - INFO - [MiniCPM] MiniCPM вернул page_type=specification
2025-09-29 11:10:53,026 - INFO - Page 20: result from analyzer -> type=specification, code=D00663400100800001Y, title=
2025-09-29 11:10:53,027 - INFO - Действие: add_specification (specification)
2025-09-29 11:10:53,027 - INFO - Блок после add_specification: current_key=D00663400100800001Y, страницы=[19, 20]
2025-09-29 11:10:53,027 - INFO - Обработка страницы 21
2025-09-29 11:10:53,027 - INFO - Вызов analyzer.classify_with_minicpm для страницы 21
2025-09-29 11:10:53,027 - INFO - [MiniCPM] Классификация страницы 21 начата
2025-09-29 11:10:53,033 - INFO - [MiniCPM] Извлечён код=D00663300102800001Y, заголовок=2-19 
3M MAIN BOOM INTERMEDIATE SECTION ATTACHMENTS
ASSEMBLY
2025-09-29 11:10:53,962 - INFO - [MiniCPM] Регулярка нашла код, предварительный тип: specification
2025-09-29 11:10:54,037 - INFO - [MiniCPM] Рендер страницы 21 в изображение завершён
2025-09-29 11:10:54,721 - INFO - [MiniCPM] MiniCPM вернул page_type=drawing_specification
2025-09-29 11:10:54,721 - INFO - Page 21: result from analyzer -> type=drawing_specification, code=D00663300102800001Y, title=2-19 
3M MAIN BOOM INTERMEDIATE SECTION ATTACHMENTS
ASSEMBLY
2025-09-29 11:10:54,721 - INFO - Действие: start_new_block
2025-09-29 11:10:54,723 - INFO - Создан PDF: /root/Split_Pdf/for_test/rezult2/D00663400100800001Y.pdf
2025-09-29 11:10:54,723 - INFO - [Builder] Новый блок: D00663300102800001Y, страницы=[21]
2025-09-29 11:10:54,723 - INFO - Блок после start_new_block: current_key=D00663300102800001Y, страницы=[21]
2025-09-29 11:10:54,723 - INFO - Действие: add_specification (drawing_specification)
2025-09-29 11:10:54,730 - INFO - Блок после add_specification: current_key=D00663300102800001Y, страницы=[21]
2025-09-29 11:10:54,730 - INFO - Обработка страницы 22
2025-09-29 11:10:54,730 - INFO - Вызов analyzer.classify_with_minicpm для страницы 22
2025-09-29 11:10:54,730 - INFO - [MiniCPM] Классификация страницы 22 начата
2025-09-29 11:10:54,733 - INFO - [MiniCPM] Извлечён код=D00663300102800001Y, заголовок=2-20 
3M MAIN BOOM INTERMEDIATE SECTION ATTACHMENTS ASSEMBLY
2025-09-29 11:10:55,256 - INFO - [MiniCPM] Регулярка нашла код, предварительный тип: specification
2025-09-29 11:10:55,309 - INFO - [MiniCPM] Рендер страницы 22 в изображение завершён
2025-09-29 11:10:55,879 - INFO - [MiniCPM] MiniCPM вернул page_type=specification
2025-09-29 11:10:55,879 - INFO - Page 22: result from analyzer -> type=specification, code=D00663300102800001Y, title=2-20 
3M MAIN BOOM INTERMEDIATE SECTION ATTACHMENTS ASSEMBLY
2025-09-29 11:10:55,879 - INFO - Действие: add_specification (specification)
2025-09-29 11:10:55,881 - INFO - Блок после add_specification: current_key=D00663300102800001Y, страницы=[21, 22]
2025-09-29 11:10:55,881 - INFO - Обработка страницы 23
2025-09-29 11:10:55,881 - INFO - Вызов analyzer.classify_with_minicpm для страницы 23
2025-09-29 11:10:55,881 - INFO - [MiniCPM] Классификация страницы 23 начата
2025-09-29 11:10:55,888 - INFO - [MiniCPM] Извлечён код=D00663300103000001Y, заголовок=2-21 
6M MAIN BOOM INTERMEDIATE SECTION ATTACHMENTS ASSEMBLY
2025-09-29 11:10:56,640 - INFO - [MiniCPM] Регулярка нашла код, предварительный тип: specification
2025-09-29 11:10:56,720 - INFO - [MiniCPM] Рендер страницы 23 в изображение завершён
2025-09-29 11:10:57,244 - INFO - [MiniCPM] MiniCPM вернул page_type=drawing
2025-09-29 11:10:57,245 - INFO - Page 23: result from analyzer -> type=drawing, code=D00663300103000001Y, title=2-21 
6M MAIN BOOM INTERMEDIATE SECTION ATTACHMENTS ASSEMBLY
2025-09-29 11:10:57,245 - INFO - Действие: start_new_block
2025-09-29 11:10:57,246 - INFO - Создан PDF: /root/Split_Pdf/for_test/rezult2/D00663300102800001Y.pdf
2025-09-29 11:10:57,246 - INFO - [Builder] Новый блок: D00663300103000001Y, страницы=[23]
2025-09-29 11:10:57,246 - INFO - Блок после start_new_block: current_key=D00663300103000001Y, страницы=[23]
2025-09-29 11:10:57,246 - INFO - Обработка страницы 24
2025-09-29 11:10:57,246 - INFO - Вызов analyzer.classify_with_minicpm для страницы 24
2025-09-29 11:10:57,247 - INFO - [MiniCPM] Классификация страницы 24 начата
2025-09-29 11:10:57,249 - INFO - [MiniCPM] Извлечён код=D00663300103000001Y, заголовок=2-22 
6M MAIN BOOM INTERMEDIATE SECTION ATTACHMENTS ASSEMBLY
2025-09-29 11:10:57,743 - INFO - [MiniCPM] Регулярка нашла код, предварительный тип: specification
2025-09-29 11:10:57,798 - INFO - [MiniCPM] Рендер страницы 24 в изображение завершён
2025-09-29 11:10:58,359 - INFO - [MiniCPM] MiniCPM вернул page_type=specification
2025-09-29 11:10:58,359 - INFO - Page 24: result from analyzer -> type=specification, code=D00663300103000001Y, title=2-22 
6M MAIN BOOM INTERMEDIATE SECTION ATTACHMENTS ASSEMBLY
2025-09-29 11:10:58,359 - INFO - Действие: add_specification (specification)
2025-09-29 11:10:58,361 - INFO - Блок после add_specification: current_key=D00663300103000001Y, страницы=[23, 24]
2025-09-29 11:10:58,361 - INFO - Обработка страницы 25
2025-09-29 11:10:58,361 - INFO - Вызов analyzer.classify_with_minicpm для страницы 25
2025-09-29 11:10:58,361 - INFO - [MiniCPM] Классификация страницы 25 начата
2025-09-29 11:10:58,368 - INFO - [MiniCPM] Извлечён код=D00663300103200001Y, заголовок=2-23 
9M MAIN BOOM INTERMEDIATE SECTION ATTACHMENTS ASSEMBLY
2025-09-29 11:10:59,133 - INFO - [MiniCPM] Регулярка нашла код, предварительный тип: specification
2025-09-29 11:10:59,214 - INFO - [MiniCPM] Рендер страницы 25 в изображение завершён
2025-09-29 11:10:59,763 - INFO - [MiniCPM] MiniCPM вернул page_type=drawing
2025-09-29 11:10:59,763 - INFO - Page 25: result from analyzer -> type=drawing, code=D00663300103200001Y, title=2-23 
9M MAIN BOOM INTERMEDIATE SECTION ATTACHMENTS ASSEMBLY
2025-09-29 11:10:59,763 - INFO - Действие: start_new_block
2025-09-29 11:10:59,765 - INFO - Создан PDF: /root/Split_Pdf/for_test/rezult2/D00663300103000001Y.pdf
2025-09-29 11:10:59,765 - INFO - [Builder] Новый блок: D00663300103200001Y, страницы=[25]
2025-09-29 11:10:59,766 - INFO - Блок после start_new_block: current_key=D00663300103200001Y, страницы=[25]
2025-09-29 11:10:59,766 - INFO - Обработка страницы 26
2025-09-29 11:10:59,766 - INFO - Вызов analyzer.classify_with_minicpm для страницы 26
2025-09-29 11:10:59,766 - INFO - [MiniCPM] Классификация страницы 26 начата
2025-09-29 11:10:59,769 - INFO - [MiniCPM] Извлечён код=D00663300103200001Y, заголовок=2-24 
9M MAIN BOOM INTERMEDIATE SECTION ATTACHMENTS ASSEMBLY
2025-09-29 11:11:00,286 - INFO - [MiniCPM] Регулярка нашла код, предварительный тип: specification
2025-09-29 11:11:00,341 - INFO - [MiniCPM] Рендер страницы 26 в изображение завершён
2025-09-29 11:11:00,923 - INFO - [MiniCPM] MiniCPM вернул page_type=specification
2025-09-29 11:11:00,927 - INFO - Page 26: result from analyzer -> type=specification, code=D00663300103200001Y, title=2-24 
9M MAIN BOOM INTERMEDIATE SECTION ATTACHMENTS ASSEMBLY
2025-09-29 11:11:00,927 - INFO - Действие: add_specification (specification)
2025-09-29 11:11:00,929 - INFO - Блок после add_specification: current_key=D00663300103200001Y, страницы=[25, 26]
2025-09-29 11:11:00,929 - INFO - Обработка страницы 27
2025-09-29 11:11:00,929 - INFO - Вызов analyzer.classify_with_minicpm для страницы 27
2025-09-29 11:11:00,929 - INFO - [MiniCPM] Классификация страницы 27 начата
2025-09-29 11:11:00,936 - INFO - [MiniCPM] Извлечён код=D00663402000400002Y, заголовок=2-25 
LUFFING JIB DERRICKING WINCH
2025-09-29 11:11:01,681 - INFO - [MiniCPM] Регулярка нашла код, предварительный тип: specification
2025-09-29 11:11:01,747 - INFO - [MiniCPM] Рендер страницы 27 в изображение завершён
2025-09-29 11:11:02,371 - INFO - [MiniCPM] MiniCPM вернул page_type=drawing_specification
2025-09-29 11:11:02,371 - INFO - Page 27: result from analyzer -> type=drawing_specification, code=D00663402000400002Y, title=2-25 
LUFFING JIB DERRICKING WINCH
2025-09-29 11:11:02,371 - INFO - Действие: start_new_block
2025-09-29 11:11:02,372 - INFO - Создан PDF: /root/Split_Pdf/for_test/rezult2/D00663300103200001Y.pdf
2025-09-29 11:11:02,373 - INFO - [Builder] Новый блок: D00663402000400002Y, страницы=[27]
2025-09-29 11:11:02,373 - INFO - Блок после start_new_block: current_key=D00663402000400002Y, страницы=[27]
2025-09-29 11:11:02,373 - INFO - Действие: add_specification (drawing_specification)
2025-09-29 11:11:02,381 - INFO - Блок после add_specification: current_key=D00663402000400002Y, страницы=[27]
2025-09-29 11:11:02,381 - INFO - Обработка страницы 28
2025-09-29 11:11:02,381 - INFO - Вызов analyzer.classify_with_minicpm для страницы 28
2025-09-29 11:11:02,381 - INFO - [MiniCPM] Классификация страницы 28 начата
2025-09-29 11:11:02,384 - INFO - [MiniCPM] Извлечён код=D00663402000400002Y, заголовок=2-26 
LUFFING JIB DERRICKING WINCH
2025-09-29 11:11:02,929 - INFO - [MiniCPM] Регулярка нашла код, предварительный тип: specification
2025-09-29 11:11:02,983 - INFO - [MiniCPM] Рендер страницы 28 в изображение завершён
2025-09-29 11:11:03,562 - INFO - [MiniCPM] MiniCPM вернул page_type=specification
2025-09-29 11:11:03,563 - INFO - Page 28: result from analyzer -> type=specification, code=D00663402000400002Y, title=2-26 
LUFFING JIB DERRICKING WINCH
2025-09-29 11:11:03,563 - INFO - Действие: add_specification (specification)
2025-09-29 11:11:03,565 - INFO - Блок после add_specification: current_key=D00663402000400002Y, страницы=[27, 28]
2025-09-29 11:11:03,565 - INFO - Обработка страницы 29
2025-09-29 11:11:03,565 - INFO - Вызов analyzer.classify_with_minicpm для страницы 29
2025-09-29 11:11:03,565 - INFO - [MiniCPM] Классификация страницы 29 начата
2025-09-29 11:11:03,592 - INFO - [MiniCPM] Извлечён код=D00663404100000001Y, заголовок=2-27 
MAIN LOAD HOOK
2025-09-29 11:11:05,408 - INFO - [MiniCPM] Регулярка нашла код, предварительный тип: specification
2025-09-29 11:11:05,502 - INFO - [MiniCPM] Рендер страницы 29 в изображение завершён
2025-09-29 11:11:06,038 - INFO - [MiniCPM] MiniCPM вернул page_type=drawing
2025-09-29 11:11:06,038 - INFO - Page 29: result from analyzer -> type=drawing, code=D00663404100000001Y, title=2-27 
MAIN LOAD HOOK
2025-09-29 11:11:06,038 - INFO - Действие: start_new_block
2025-09-29 11:11:06,040 - INFO - Создан PDF: /root/Split_Pdf/for_test/rezult2/D00663402000400002Y.pdf
2025-09-29 11:11:06,040 - INFO - [Builder] Новый блок: D00663404100000001Y, страницы=[29]
2025-09-29 11:11:06,040 - INFO - Блок после start_new_block: current_key=D00663404100000001Y, страницы=[29]
2025-09-29 11:11:06,040 - INFO - Обработка страницы 30
2025-09-29 11:11:06,040 - INFO - Вызов analyzer.classify_with_minicpm для страницы 30
2025-09-29 11:11:06,040 - INFO - [MiniCPM] Классификация страницы 30 начата
2025-09-29 11:11:06,045 - INFO - [MiniCPM] Извлечён код=D00663404100000001Y, заголовок=2-28 
MAIN LOAD HOOK
2025-09-29 11:11:06,706 - INFO - [MiniCPM] Регулярка нашла код, предварительный тип: specification
2025-09-29 11:11:06,774 - INFO - [MiniCPM] Рендер страницы 30 в изображение завершён
2025-09-29 11:11:07,347 - INFO - [MiniCPM] MiniCPM вернул page_type=specification
2025-09-29 11:11:07,348 - INFO - Page 30: result from analyzer -> type=specification, code=D00663404100000001Y, title=2-28 
MAIN LOAD HOOK
2025-09-29 11:11:07,348 - INFO - Действие: add_specification (specification)
2025-09-29 11:11:07,352 - INFO - Блок после add_specification: current_key=D00663404100000001Y, страницы=[29, 30]
2025-09-29 11:11:07,352 - INFO - Обработка страницы 31
2025-09-29 11:11:07,352 - INFO - Вызов analyzer.classify_with_minicpm для страницы 31
2025-09-29 11:11:07,352 - INFO - [MiniCPM] Классификация страницы 31 начата
2025-09-29 11:11:07,376 - INFO - [MiniCPM] Извлечён код=D00663404200200002Y, заголовок=None
2025-09-29 11:11:08,810 - INFO - [MiniCPM] Регулярка нашла код, предварительный тип: specification
2025-09-29 11:11:08,901 - INFO - [MiniCPM] Рендер страницы 31 в изображение завершён
2025-09-29 11:11:09,514 - INFO - [MiniCPM] MiniCPM вернул page_type=drawing_specification
2025-09-29 11:11:09,514 - INFO - Page 31: result from analyzer -> type=drawing_specification, code=D00663404200200002Y, title=None
2025-09-29 11:11:09,514 - INFO - Действие: start_new_block
2025-09-29 11:11:09,516 - INFO - Создан PDF: /root/Split_Pdf/for_test/rezult2/D00663404100000001Y.pdf
2025-09-29 11:11:09,516 - INFO - [Builder] Новый блок: D00663404200200002Y, страницы=[31]
2025-09-29 11:11:09,516 - INFO - Блок после start_new_block: current_key=D00663404200200002Y, страницы=[31]
2025-09-29 11:11:09,516 - INFO - Действие: add_specification (drawing_specification)
2025-09-29 11:11:09,516 - INFO - Блок после add_specification: current_key=D00663404200200002Y, страницы=[31]
2025-09-29 11:11:09,516 - INFO - Обработка страницы 32
2025-09-29 11:11:09,516 - INFO - Вызов analyzer.classify_with_minicpm для страницы 32
2025-09-29 11:11:09,516 - INFO - [MiniCPM] Классификация страницы 32 начата
2025-09-29 11:11:09,521 - INFO - [MiniCPM] Извлечён код=D00663404200200002Y, заголовок=
2025-09-29 11:11:10,165 - INFO - [MiniCPM] Регулярка нашла код, предварительный тип: specification
2025-09-29 11:11:10,229 - INFO - [MiniCPM] Рендер страницы 32 в изображение завершён
2025-09-29 11:11:10,797 - INFO - [MiniCPM] MiniCPM вернул page_type=specification
2025-09-29 11:11:10,797 - INFO - Page 32: result from analyzer -> type=specification, code=D00663404200200002Y, title=
2025-09-29 11:11:10,797 - INFO - Действие: add_specification (specification)
2025-09-29 11:11:10,797 - INFO - Блок после add_specification: current_key=D00663404200200002Y, страницы=[31, 32]
2025-09-29 11:11:10,797 - INFO - Обработка страницы 33
2025-09-29 11:11:10,797 - INFO - Вызов analyzer.classify_with_minicpm для страницы 33
2025-09-29 11:11:10,797 - INFO - [MiniCPM] Классификация страницы 33 начата
2025-09-29 11:11:10,830 - INFO - [MiniCPM] Извлечён код=D00663404200400002Y, заголовок=None
2025-09-29 11:11:12,781 - INFO - [MiniCPM] Регулярка нашла код, предварительный тип: specification
2025-09-29 11:11:12,881 - INFO - [MiniCPM] Рендер страницы 33 в изображение завершён
2025-09-29 11:11:13,502 - INFO - [MiniCPM] MiniCPM вернул page_type=drawing_specification
2025-09-29 11:11:13,502 - INFO - Page 33: result from analyzer -> type=drawing_specification, code=D00663404200400002Y, title=None
2025-09-29 11:11:13,503 - INFO - Действие: start_new_block
2025-09-29 11:11:13,504 - INFO - Создан PDF: /root/Split_Pdf/for_test/rezult2/D00663404200200002Y.pdf
2025-09-29 11:11:13,504 - INFO - [Builder] Новый блок: D00663404200400002Y, страницы=[33]
2025-09-29 11:11:13,505 - INFO - Блок после start_new_block: current_key=D00663404200400002Y, страницы=[33]
2025-09-29 11:11:13,505 - INFO - Действие: add_specification (drawing_specification)
2025-09-29 11:11:13,505 - INFO - Блок после add_specification: current_key=D00663404200400002Y, страницы=[33]
2025-09-29 11:11:13,505 - INFO - Обработка страницы 34
2025-09-29 11:11:13,505 - INFO - Вызов analyzer.classify_with_minicpm для страницы 34
2025-09-29 11:11:13,505 - INFO - [MiniCPM] Классификация страницы 34 начата
2025-09-29 11:11:13,509 - INFO - [MiniCPM] Извлечён код=D00663404200400002Y, заголовок=
2025-09-29 11:11:14,182 - INFO - [MiniCPM] Регулярка нашла код, предварительный тип: specification
2025-09-29 11:11:14,249 - INFO - [MiniCPM] Рендер страницы 34 в изображение завершён
2025-09-29 11:11:14,832 - INFO - [MiniCPM] MiniCPM вернул page_type=specification
2025-09-29 11:11:14,832 - INFO - Page 34: result from analyzer -> type=specification, code=D00663404200400002Y, title=
2025-09-29 11:11:14,832 - INFO - Действие: add_specification (specification)
2025-09-29 11:11:14,832 - INFO - Блок после add_specification: current_key=D00663404200400002Y, страницы=[33, 34]
2025-09-29 11:11:14,832 - INFO - Обработка страницы 35
2025-09-29 11:11:14,832 - INFO - Вызов analyzer.classify_with_minicpm для страницы 35
2025-09-29 11:11:14,832 - INFO - [MiniCPM] Классификация страницы 35 начата
2025-09-29 11:11:14,835 - INFO - [MiniCPM] Извлечён код=D00663404200400002Y, заголовок=
2025-09-29 11:11:15,321 - INFO - [MiniCPM] Регулярка нашла код, предварительный тип: specification
2025-09-29 11:11:15,372 - INFO - [MiniCPM] Рендер страницы 35 в изображение завершён
2025-09-29 11:11:15,948 - INFO - [MiniCPM] MiniCPM вернул page_type=specification
2025-09-29 11:11:15,951 - INFO - Page 35: result from analyzer -> type=specification, code=D00663404200400002Y, title=
2025-09-29 11:11:15,952 - INFO - Действие: add_specification (specification)
2025-09-29 11:11:15,952 - INFO - Блок после add_specification: current_key=D00663404200400002Y, страницы=[33, 34, 35]
2025-09-29 11:11:15,954 - INFO - Создан PDF: /root/Split_Pdf/for_test/rezult2/D00663404200400002Y.pdf
2025-09-29 11:11:15,954 - INFO - [Builder] Отброшены несопоставленные спецификации: ['2-13 \nROPE SUPPORT D00663300102000000Y', '2-15 \nANGLE INDICATOR D00663300102200000Y', '2-19 \n3M MAIN BOOM INTERMEDIATE SECTION ATTACHMENTS\nASSEMBLY D00663300102800001Y', '2-25 \nLUFFING JIB DERRICKING WINCH D00663402000400002Y']
2025-09-29 11:11:15,954 - INFO - Финализация блоков, всего сгенерировано 16 файлов
2025-09-29 11:11:15,954 - INFO - Сгенерированные файлы: ['/root/Split_Pdf/for_test/rezult2/D00663400002000000Y.pdf', '/root/Split_Pdf/for_test/rezult2/D0066340012000000Y.pdf', '/root/Split_Pdf/for_test/rezult2/D00663400120400000Y.pdf', '/root/Split_Pdf/for_test/rezult2/D00663300102600001Y.pdf', '/root/Split_Pdf/for_test/rezult2/D00663400102400001Y.pdf', '/root/Split_Pdf/for_test/rezult2/D00663400112400001Y.pdf', '/root/Split_Pdf/for_test/rezult2/D00663300102000000Y.pdf', '/root/Split_Pdf/for_test/rezult2/D00663300102200000Y.pdf', '/root/Split_Pdf/for_test/rezult2/D00663400100800001Y.pdf', '/root/Split_Pdf/for_test/rezult2/D00663300102800001Y.pdf', '/root/Split_Pdf/for_test/rezult2/D00663300103000001Y.pdf', '/root/Split_Pdf/for_test/rezult2/D00663300103200001Y.pdf', '/root/Split_Pdf/for_test/rezult2/D00663402000400002Y.pdf', '/root/Split_Pdf/for_test/rezult2/D00663404100000001Y.pdf', '/root/Split_Pdf/for_test/rezult2/D00663404200200002Y.pdf', '/root/Split_Pdf/for_test/rezult2/D00663404200400002Y.pdf']
2025-09-29 11:11:15,954 - INFO - Сгенерированные файлы: ['/root/Split_Pdf/for_test/rezult2/D00663400002000000Y.pdf', '/root/Split_Pdf/for_test/rezult2/D0066340012000000Y.pdf', '/root/Split_Pdf/for_test/rezult2/D00663400120400000Y.pdf', '/root/Split_Pdf/for_test/rezult2/D00663300102600001Y.pdf', '/root/Split_Pdf/for_test/rezult2/D00663400102400001Y.pdf', '/root/Split_Pdf/for_test/rezult2/D00663400112400001Y.pdf', '/root/Split_Pdf/for_test/rezult2/D00663300102000000Y.pdf', '/root/Split_Pdf/for_test/rezult2/D00663300102200000Y.pdf', '/root/Split_Pdf/for_test/rezult2/D00663400100800001Y.pdf', '/root/Split_Pdf/for_test/rezult2/D00663300102800001Y.pdf', '/root/Split_Pdf/for_test/rezult2/D00663300103000001Y.pdf', '/root/Split_Pdf/for_test/rezult2/D00663300103200001Y.pdf', '/root/Split_Pdf/for_test/rezult2/D00663402000400002Y.pdf', '/root/Split_Pdf/for_test/rezult2/D00663404100000001Y.pdf', '/root/Split_Pdf/for_test/rezult2/D00663404200200002Y.pdf', '/root/Split_Pdf/for_test/rezult2/D00663404200400002Y.pdf']
2025-09-29 11:11:15,960 - INFO - Ресурсы PdfCatalogSplitter закрыты
2025-09-29 11:36:41,547 - INFO - Запуск обработки файла: /root/Split_Pdf/for_test/39_RT100 Rough Terrain Crane Spare parts catalog-1-50.pdf
2025-09-29 11:36:46,052 - INFO - Используется GPU: NVIDIA GeForce RTX 4090
2025-09-29 11:37:00,201 - INFO - Инициализация PdfCatalogSplitter для файла: /root/Split_Pdf/for_test/39_RT100 Rough Terrain Crane Spare parts catalog-1-50.pdf
2025-09-29 11:37:00,201 - INFO - Начало обработки PDF: 50 страниц всего
2025-09-29 11:37:00,201 - INFO - Обработка страницы 0
2025-09-29 11:37:00,201 - INFO - Вызов analyzer.classify_with_minicpm для страницы 0
2025-09-29 11:37:00,201 - INFO - [MiniCPM] Классификация страницы 0 начата
2025-09-29 11:37:00,211 - INFO - [MiniCPM] Извлечён код=None, заголовок=None
2025-09-29 11:37:00,289 - INFO - [MiniCPM] Рендер страницы 0 для полного анализа
2025-09-29 11:37:05,518 - INFO - [MiniCPM] MiniCPM вернул: ignore
2025-09-29 11:37:05,519 - INFO - [MiniCPM] Финальный результат: page_type=ignore, code=None, title=None
2025-09-29 11:37:05,519 - INFO - Page 0: result from analyzer -> type=ignore, code=None, title=None
2025-09-29 11:37:05,519 - INFO - Page 0: ignored
2025-09-29 11:37:05,519 - INFO - Обработка страницы 1
2025-09-29 11:37:05,519 - INFO - Вызов analyzer.classify_with_minicpm для страницы 1
2025-09-29 11:37:05,519 - INFO - [MiniCPM] Классификация страницы 1 начата
2025-09-29 11:37:05,520 - INFO - [MiniCPM] Извлечён код=None, заголовок=None
2025-09-29 11:37:05,572 - INFO - [MiniCPM] Рендер страницы 1 для полного анализа
2025-09-29 11:37:06,757 - INFO - [MiniCPM] MiniCPM вернул: ignore
2025-09-29 11:37:06,757 - INFO - [MiniCPM] Финальный результат: page_type=ignore, code=None, title=None
2025-09-29 11:37:06,757 - INFO - Page 1: result from analyzer -> type=ignore, code=None, title=None
2025-09-29 11:37:06,757 - INFO - Page 1: ignored
2025-09-29 11:37:06,757 - INFO - Обработка страницы 2
2025-09-29 11:37:06,757 - INFO - Вызов analyzer.classify_with_minicpm для страницы 2
2025-09-29 11:37:06,757 - INFO - [MiniCPM] Классификация страницы 2 начата
2025-09-29 11:37:06,772 - INFO - [MiniCPM] Извлечён код=None, заголовок=None
2025-09-29 11:37:06,830 - INFO - [MiniCPM] Рендер страницы 2 для полного анализа
2025-09-29 11:37:07,731 - INFO - [MiniCPM] MiniCPM вернул: ignore
2025-09-29 11:37:07,731 - INFO - [MiniCPM] Финальный результат: page_type=ignore, code=None, title=None
2025-09-29 11:37:07,731 - INFO - Page 2: result from analyzer -> type=ignore, code=None, title=None
2025-09-29 11:37:07,731 - INFO - Page 2: ignored
2025-09-29 11:37:07,731 - INFO - Обработка страницы 3
2025-09-29 11:37:07,731 - INFO - Вызов analyzer.classify_with_minicpm для страницы 3
2025-09-29 11:37:07,731 - INFO - [MiniCPM] Классификация страницы 3 начата
2025-09-29 11:37:07,732 - INFO - [MiniCPM] Извлечён код=None, заголовок=None
2025-09-29 11:37:07,774 - INFO - [MiniCPM] Рендер страницы 3 для полного анализа
2025-09-29 11:37:08,502 - INFO - [MiniCPM] MiniCPM вернул: ignore
2025-09-29 11:37:08,502 - INFO - [MiniCPM] Финальный результат: page_type=ignore, code=None, title=None
2025-09-29 11:37:08,502 - INFO - Page 3: result from analyzer -> type=ignore, code=None, title=None
2025-09-29 11:37:08,502 - INFO - Page 3: ignored
2025-09-29 11:37:08,502 - INFO - Обработка страницы 4
2025-09-29 11:37:08,502 - INFO - Вызов analyzer.classify_with_minicpm для страницы 4
2025-09-29 11:37:08,502 - INFO - [MiniCPM] Классификация страницы 4 начата
2025-09-29 11:37:08,509 - INFO - [MiniCPM] Извлечён код=D00755910000010000Y, заголовок=1 RT100 Rough terrain crane
2025-09-29 11:37:09,207 - INFO - [MiniCPM] Регулярка нашла код, предварительный тип: drawing
2025-09-29 11:37:09,270 - INFO - [MiniCPM] Рендер страницы 4 в изображение завершён
2025-09-29 11:37:10,027 - INFO - [MiniCPM] MiniCPM вернул page_type=specification
2025-09-29 11:37:10,027 - INFO - Page 4: result from analyzer -> type=specification, code=D00755910000010000Y, title=1 RT100 Rough terrain crane
2025-09-29 11:37:10,027 - INFO - Действие: add_specification (specification)
2025-09-29 11:37:10,027 - INFO - Блок после add_specification: current_key=None, страницы=[]
2025-09-29 11:37:10,027 - INFO - Обработка страницы 5
2025-09-29 11:37:10,027 - INFO - Вызов analyzer.classify_with_minicpm для страницы 5
2025-09-29 11:37:10,028 - INFO - [MiniCPM] Классификация страницы 5 начата
2025-09-29 11:37:10,034 - INFO - [MiniCPM] Извлечён код=D00756307020000000Y, заголовок=1 Engine and transmission installation
2025-09-29 11:37:10,829 - INFO - [MiniCPM] Регулярка нашла код, предварительный тип: drawing
2025-09-29 11:37:10,890 - INFO - [MiniCPM] Рендер страницы 5 в изображение завершён
2025-09-29 11:37:11,688 - INFO - [MiniCPM] MiniCPM вернул page_type=specification
2025-09-29 11:37:11,688 - INFO - Page 5: result from analyzer -> type=specification, code=D00756307020000000Y, title=1 Engine and transmission installation
2025-09-29 11:37:11,688 - INFO - Действие: add_specification (specification)
2025-09-29 11:37:11,688 - INFO - Блок после add_specification: current_key=None, страницы=[]
2025-09-29 11:37:11,688 - INFO - Обработка страницы 6
2025-09-29 11:37:11,688 - INFO - Вызов analyzer.classify_with_minicpm для страницы 6
2025-09-29 11:37:11,688 - INFO - [MiniCPM] Классификация страницы 6 начата
2025-09-29 11:37:11,692 - INFO - [MiniCPM] Извлечён код=D00756304810400000Y, заголовок=2 Hydraulic oil tank installation
2025-09-29 11:37:12,342 - INFO - [MiniCPM] Регулярка нашла код, предварительный тип: drawing
2025-09-29 11:37:12,405 - INFO - [MiniCPM] Рендер страницы 6 в изображение завершён
2025-09-29 11:37:13,069 - INFO - [MiniCPM] MiniCPM вернул page_type=specification
2025-09-29 11:37:13,069 - INFO - Page 6: result from analyzer -> type=specification, code=D00756304810400000Y, title=2 Hydraulic oil tank installation
2025-09-29 11:37:13,070 - INFO - Действие: add_specification (specification)
2025-09-29 11:37:13,070 - INFO - Блок после add_specification: current_key=None, страницы=[]
2025-09-29 11:37:13,070 - INFO - Обработка страницы 7
2025-09-29 11:37:13,070 - INFO - Вызов analyzer.classify_with_minicpm для страницы 7
2025-09-29 11:37:13,070 - INFO - [MiniCPM] Классификация страницы 7 начата
2025-09-29 11:37:13,072 - INFO - [MiniCPM] Извлечён код=D00755705000000000Y, заголовок=6 Drivers cab assembly
2025-09-29 11:37:13,671 - INFO - [MiniCPM] Регулярка нашла код, предварительный тип: drawing
2025-09-29 11:37:13,723 - INFO - [MiniCPM] Рендер страницы 7 в изображение завершён
2025-09-29 11:37:14,632 - INFO - [MiniCPM] MiniCPM вернул page_type=specification
2025-09-29 11:37:14,632 - INFO - Page 7: result from analyzer -> type=specification, code=D00755705000000000Y, title=6 Drivers cab assembly
2025-09-29 11:37:14,632 - INFO - Действие: add_specification (specification)
2025-09-29 11:37:14,632 - INFO - Блок после add_specification: current_key=None, страницы=[]
2025-09-29 11:37:14,632 - INFO - Обработка страницы 8
2025-09-29 11:37:14,632 - INFO - Вызов analyzer.classify_with_minicpm для страницы 8
2025-09-29 11:37:14,632 - INFO - [MiniCPM] Классификация страницы 8 начата
2025-09-29 11:37:14,634 - INFO - [MiniCPM] Извлечён код=None, заголовок=None
2025-09-29 11:37:14,686 - INFO - [MiniCPM] Рендер страницы 8 для полного анализа
2025-09-29 11:37:15,460 - INFO - [MiniCPM] MiniCPM вернул: ignore
2025-09-29 11:37:15,461 - INFO - [MiniCPM] Финальный результат: page_type=ignore, code=None, title=None
2025-09-29 11:37:15,461 - INFO - Page 8: result from analyzer -> type=ignore, code=None, title=None
2025-09-29 11:37:15,461 - INFO - Page 8: ignored
2025-09-29 11:37:15,461 - INFO - Обработка страницы 9
2025-09-29 11:37:15,461 - INFO - Вызов analyzer.classify_with_minicpm для страницы 9
2025-09-29 11:37:15,461 - INFO - [MiniCPM] Классификация страницы 9 начата
2025-09-29 11:37:15,588 - INFO - [MiniCPM] Извлечён код=D00756300000000000Y, заголовок=SPARE PARTS CATALOG FOR ROUGH TERRAIN CRANE
RT100 ROUGH TERRAIN CRANE
2025-09-29 11:37:23,961 - INFO - [MiniCPM] Регулярка нашла код, предварительный тип: drawing
2025-09-29 11:37:24,292 - INFO - [MiniCPM] Рендер страницы 9 в изображение завершён
2025-09-29 11:37:25,138 - INFO - [MiniCPM] MiniCPM вернул page_type=drawing_specification
2025-09-29 11:37:25,138 - INFO - Page 9: result from analyzer -> type=drawing_specification, code=D00756300000000000Y, title=SPARE PARTS CATALOG FOR ROUGH TERRAIN CRANE
RT100 ROUGH TERRAIN CRANE
2025-09-29 11:37:25,138 - INFO - Действие: start_new_block
2025-09-29 11:37:25,138 - INFO - [Builder] Новый блок: D00756300000000000Y, страницы=[9]
2025-09-29 11:37:25,138 - INFO - Блок после start_new_block: current_key=D00756300000000000Y, страницы=[9]
2025-09-29 11:37:25,138 - INFO - Действие: add_specification (drawing_specification)
2025-09-29 11:37:25,278 - INFO - Блок после add_specification: current_key=D00756300000000000Y, страницы=[9]
2025-09-29 11:37:25,278 - INFO - Обработка страницы 10
2025-09-29 11:37:25,278 - INFO - Вызов analyzer.classify_with_minicpm для страницы 10
2025-09-29 11:37:25,278 - INFO - [MiniCPM] Классификация страницы 10 начата
2025-09-29 11:37:25,290 - INFO - [MiniCPM] Извлечён код=D00756300000000000Y, заголовок=SPARE PARTS CATALOG FOR ROUGH TERRAIN CRANE
RT100 ROUGH TERRAIN CRANE
2025-09-29 11:37:26,195 - INFO - [MiniCPM] Регулярка нашла код, предварительный тип: specification
2025-09-29 11:37:26,273 - INFO - [MiniCPM] Рендер страницы 10 в изображение завершён
2025-09-29 11:37:27,011 - INFO - [MiniCPM] MiniCPM вернул page_type=specification
2025-09-29 11:37:27,011 - INFO - Page 10: result from analyzer -> type=specification, code=D00756300000000000Y, title=SPARE PARTS CATALOG FOR ROUGH TERRAIN CRANE
RT100 ROUGH TERRAIN CRANE
2025-09-29 11:37:27,011 - INFO - Действие: add_specification (specification)
2025-09-29 11:37:27,021 - INFO - Блок после add_specification: current_key=D00756300000000000Y, страницы=[9, 10]
2025-09-29 11:37:27,021 - INFO - Обработка страницы 11
2025-09-29 11:37:27,021 - INFO - Вызов analyzer.classify_with_minicpm для страницы 11
2025-09-29 11:37:27,021 - INFO - [MiniCPM] Классификация страницы 11 начата
2025-09-29 11:37:27,115 - INFO - [MiniCPM] Извлечён код=D00756300000000000Y, заголовок=SPARE PARTS CATALOG FOR ROUGH TERRAIN CRANE
RT100 ROUGH TERRAIN CRANE
2025-09-29 11:37:35,500 - INFO - [MiniCPM] Регулярка нашла код, предварительный тип: drawing
2025-09-29 11:37:35,813 - INFO - [MiniCPM] Рендер страницы 11 в изображение завершён
2025-09-29 11:37:36,480 - INFO - [MiniCPM] MiniCPM вернул page_type=drawing_specification
2025-09-29 11:37:36,480 - INFO - Page 11: result from analyzer -> type=drawing_specification, code=D00756300000000000Y, title=SPARE PARTS CATALOG FOR ROUGH TERRAIN CRANE
RT100 ROUGH TERRAIN CRANE
2025-09-29 11:37:36,480 - INFO - Действие: start_new_block
2025-09-29 11:37:36,487 - INFO - Создан PDF: /root/Split_Pdf/for_test/rezult2/D00756300000000000Y.pdf
2025-09-29 11:37:36,488 - INFO - [Builder] Новый блок: SPARE PARTS CATALOG FOR ROUGH TERRAIN CRANE
RT100 ROUGH TERRAIN CRANE D00756300000000000Y, страницы=[11]
2025-09-29 11:37:36,488 - INFO - Блок после start_new_block: current_key=SPARE PARTS CATALOG FOR ROUGH TERRAIN CRANE
RT100 ROUGH TERRAIN CRANE D00756300000000000Y, страницы=[11]
2025-09-29 11:37:36,488 - INFO - Действие: add_specification (drawing_specification)
2025-09-29 11:37:36,488 - INFO - Блок после add_specification: current_key=SPARE PARTS CATALOG FOR ROUGH TERRAIN CRANE
RT100 ROUGH TERRAIN CRANE D00756300000000000Y, страницы=[11]
2025-09-29 11:37:36,488 - INFO - Обработка страницы 12
2025-09-29 11:37:36,488 - INFO - Вызов analyzer.classify_with_minicpm для страницы 12
2025-09-29 11:37:36,488 - INFO - [MiniCPM] Классификация страницы 12 начата
2025-09-29 11:37:36,495 - INFO - [MiniCPM] Извлечён код=D00756300000000000Y, заголовок=SPARE PARTS CATALOG FOR ROUGH TERRAIN CRANE
RT100 ROUGH TERRAIN CRANE
2025-09-29 11:37:37,516 - INFO - [MiniCPM] Регулярка нашла код, предварительный тип: specification
2025-09-29 11:37:37,592 - INFO - [MiniCPM] Рендер страницы 12 в изображение завершён
2025-09-29 11:37:38,220 - INFO - [MiniCPM] MiniCPM вернул page_type=specification
2025-09-29 11:37:38,220 - INFO - Page 12: result from analyzer -> type=specification, code=D00756300000000000Y, title=SPARE PARTS CATALOG FOR ROUGH TERRAIN CRANE
RT100 ROUGH TERRAIN CRANE
2025-09-29 11:37:38,220 - INFO - Действие: add_specification (specification)
2025-09-29 11:37:38,220 - INFO - Блок после add_specification: current_key=SPARE PARTS CATALOG FOR ROUGH TERRAIN CRANE
RT100 ROUGH TERRAIN CRANE D00756300000000000Y, страницы=[11, 12]
2025-09-29 11:37:38,220 - INFO - Обработка страницы 13
2025-09-29 11:37:38,220 - INFO - Вызов analyzer.classify_with_minicpm для страницы 13
2025-09-29 11:37:38,220 - INFO - [MiniCPM] Классификация страницы 13 начата
2025-09-29 11:37:38,221 - INFO - [MiniCPM] Извлечён код=None, заголовок=None
2025-09-29 11:37:38,267 - INFO - [MiniCPM] Рендер страницы 13 для полного анализа
2025-09-29 11:37:38,870 - INFO - [MiniCPM] MiniCPM вернул: ignore
2025-09-29 11:37:38,870 - INFO - [MiniCPM] Финальный результат: page_type=ignore, code=None, title=None
2025-09-29 11:37:38,870 - INFO - Page 13: result from analyzer -> type=ignore, code=None, title=None
2025-09-29 11:37:38,870 - INFO - Page 13: ignored
2025-09-29 11:37:38,870 - INFO - Обработка страницы 14
2025-09-29 11:37:38,870 - INFO - Вызов analyzer.classify_with_minicpm для страницы 14
2025-09-29 11:37:38,870 - INFO - [MiniCPM] Классификация страницы 14 начата
2025-09-29 11:37:38,872 - INFO - [MiniCPM] Извлечён код=None, заголовок=None
2025-09-29 11:37:38,930 - INFO - [MiniCPM] Рендер страницы 14 для полного анализа
2025-09-29 11:37:39,534 - INFO - [MiniCPM] MiniCPM вернул: ignore
2025-09-29 11:37:39,534 - INFO - [MiniCPM] Финальный результат: page_type=ignore, code=None, title=None
2025-09-29 11:37:39,535 - INFO - Page 14: result from analyzer -> type=ignore, code=None, title=None
2025-09-29 11:37:39,535 - INFO - Page 14: ignored
2025-09-29 11:37:39,535 - INFO - Обработка страницы 15
2025-09-29 11:37:39,535 - INFO - Вызов analyzer.classify_with_minicpm для страницы 15
2025-09-29 11:37:39,535 - INFO - [MiniCPM] Классификация страницы 15 начата
2025-09-29 11:37:39,554 - INFO - [MiniCPM] Извлечён код=D00756308500000000Y, заголовок=None
2025-09-29 11:37:40,647 - INFO - [MiniCPM] Регулярка нашла код, предварительный тип: drawing
2025-09-29 11:37:40,758 - INFO - [MiniCPM] Рендер страницы 15 в изображение завершён
2025-09-29 11:37:41,426 - INFO - [MiniCPM] MiniCPM вернул page_type=drawing_specification
2025-09-29 11:37:41,427 - INFO - Page 15: result from analyzer -> type=drawing_specification, code=D00756308500000000Y, title=None
2025-09-29 11:37:41,427 - INFO - Действие: start_new_block
2025-09-29 11:37:41,433 - INFO - Создан PDF: /root/Split_Pdf/for_test/rezult2/SPARE PARTS CATALOG FOR ROUGH TERRAIN CRANE
RT100 ROUGH TERRAIN CRANE D00756300000000000Y.pdf
2025-09-29 11:37:41,433 - INFO - [Builder] Новый блок: D00756308500000000Y, страницы=[15]
2025-09-29 11:37:41,433 - INFO - Блок после start_new_block: current_key=D00756308500000000Y, страницы=[15]
2025-09-29 11:37:41,433 - INFO - Действие: add_specification (drawing_specification)
2025-09-29 11:37:41,433 - INFO - Блок после add_specification: current_key=D00756308500000000Y, страницы=[15]
2025-09-29 11:37:41,433 - INFO - Обработка страницы 16
2025-09-29 11:37:41,433 - INFO - Вызов analyzer.classify_with_minicpm для страницы 16
2025-09-29 11:37:41,433 - INFO - [MiniCPM] Классификация страницы 16 начата
2025-09-29 11:37:41,440 - INFO - [MiniCPM] Извлечён код=D00756308500000000Y, заголовок=None
2025-09-29 11:37:42,197 - INFO - [MiniCPM] Регулярка нашла код, предварительный тип: specification
2025-09-29 11:37:42,263 - INFO - [MiniCPM] Рендер страницы 16 в изображение завершён
2025-09-29 11:37:42,852 - INFO - [MiniCPM] MiniCPM вернул page_type=specification
2025-09-29 11:37:42,853 - INFO - Page 16: result from analyzer -> type=specification, code=D00756308500000000Y, title=None
2025-09-29 11:37:42,853 - INFO - Действие: add_specification (specification)
2025-09-29 11:37:42,853 - INFO - Блок после add_specification: current_key=D00756308500000000Y, страницы=[15, 16]
2025-09-29 11:37:42,853 - INFO - Обработка страницы 17
2025-09-29 11:37:42,853 - INFO - Вызов analyzer.classify_with_minicpm для страницы 17
2025-09-29 11:37:42,853 - INFO - [MiniCPM] Классификация страницы 17 начата
2025-09-29 11:37:42,869 - INFO - [MiniCPM] Извлечён код=D00756308600000000Y, заголовок=None
2025-09-29 11:37:43,847 - INFO - [MiniCPM] Регулярка нашла код, предварительный тип: drawing
2025-09-29 11:37:43,944 - INFO - [MiniCPM] Рендер страницы 17 в изображение завершён
2025-09-29 11:37:44,677 - INFO - [MiniCPM] MiniCPM вернул page_type=drawing_specification
2025-09-29 11:37:44,678 - INFO - Page 17: result from analyzer -> type=drawing_specification, code=D00756308600000000Y, title=None
2025-09-29 11:37:44,678 - INFO - Действие: start_new_block
2025-09-29 11:37:44,681 - INFO - Создан PDF: /root/Split_Pdf/for_test/rezult2/D00756308500000000Y.pdf
2025-09-29 11:37:44,681 - INFO - [Builder] Новый блок: D00756308600000000Y, страницы=[17]
2025-09-29 11:37:44,681 - INFO - Блок после start_new_block: current_key=D00756308600000000Y, страницы=[17]
2025-09-29 11:37:44,682 - INFO - Действие: add_specification (drawing_specification)
2025-09-29 11:37:44,682 - INFO - Блок после add_specification: current_key=D00756308600000000Y, страницы=[17]
2025-09-29 11:37:44,682 - INFO - Обработка страницы 18
2025-09-29 11:37:44,682 - INFO - Вызов analyzer.classify_with_minicpm для страницы 18
2025-09-29 11:37:44,682 - INFO - [MiniCPM] Классификация страницы 18 начата
2025-09-29 11:37:44,688 - INFO - [MiniCPM] Извлечён код=D00756308600000000Y, заголовок=None
2025-09-29 11:37:45,627 - INFO - [MiniCPM] Регулярка нашла код, предварительный тип: specification
2025-09-29 11:37:45,694 - INFO - [MiniCPM] Рендер страницы 18 в изображение завершён
2025-09-29 11:37:46,302 - INFO - [MiniCPM] MiniCPM вернул page_type=specification
2025-09-29 11:37:46,302 - INFO - Page 18: result from analyzer -> type=specification, code=D00756308600000000Y, title=None
2025-09-29 11:37:46,302 - INFO - Действие: add_specification (specification)
2025-09-29 11:37:46,302 - INFO - Блок после add_specification: current_key=D00756308600000000Y, страницы=[17, 18]
2025-09-29 11:37:46,302 - INFO - Обработка страницы 19
2025-09-29 11:37:46,302 - INFO - Вызов analyzer.classify_with_minicpm для страницы 19
2025-09-29 11:37:46,302 - INFO - [MiniCPM] Классификация страницы 19 начата
2025-09-29 11:37:46,316 - INFO - [MiniCPM] Извлечён код=D00756308700000000Y, заголовок=None
2025-09-29 11:37:47,221 - INFO - [MiniCPM] Регулярка нашла код, предварительный тип: drawing
2025-09-29 11:37:47,322 - INFO - [MiniCPM] Рендер страницы 19 в изображение завершён
2025-09-29 11:37:47,975 - INFO - [MiniCPM] MiniCPM вернул page_type=drawing_specification
2025-09-29 11:37:47,975 - INFO - Page 19: result from analyzer -> type=drawing_specification, code=D00756308700000000Y, title=None
2025-09-29 11:37:47,975 - INFO - Действие: start_new_block
2025-09-29 11:37:47,979 - INFO - Создан PDF: /root/Split_Pdf/for_test/rezult2/D00756308600000000Y.pdf
2025-09-29 11:37:47,979 - INFO - [Builder] Новый блок: D00756308700000000Y, страницы=[19]
2025-09-29 11:37:47,979 - INFO - Блок после start_new_block: current_key=D00756308700000000Y, страницы=[19]
2025-09-29 11:37:47,979 - INFO - Действие: add_specification (drawing_specification)
2025-09-29 11:37:47,979 - INFO - Блок после add_specification: current_key=D00756308700000000Y, страницы=[19]
2025-09-29 11:37:47,979 - INFO - Обработка страницы 20
2025-09-29 11:37:47,979 - INFO - Вызов analyzer.classify_with_minicpm для страницы 20
2025-09-29 11:37:47,979 - INFO - [MiniCPM] Классификация страницы 20 начата
2025-09-29 11:37:47,985 - INFO - [MiniCPM] Извлечён код=D00756308700000000Y, заголовок=None
2025-09-29 11:37:48,777 - INFO - [MiniCPM] Регулярка нашла код, предварительный тип: specification
2025-09-29 11:37:48,845 - INFO - [MiniCPM] Рендер страницы 20 в изображение завершён
2025-09-29 11:37:49,462 - INFO - [MiniCPM] MiniCPM вернул page_type=specification
2025-09-29 11:37:49,463 - INFO - Page 20: result from analyzer -> type=specification, code=D00756308700000000Y, title=None
2025-09-29 11:37:49,463 - INFO - Действие: add_specification (specification)
2025-09-29 11:37:49,463 - INFO - Блок после add_specification: current_key=D00756308700000000Y, страницы=[19, 20]
2025-09-29 11:37:49,463 - INFO - Обработка страницы 21
2025-09-29 11:37:49,463 - INFO - Вызов analyzer.classify_with_minicpm для страницы 21
2025-09-29 11:37:49,463 - INFO - [MiniCPM] Классификация страницы 21 начата
2025-09-29 11:37:49,468 - INFO - [MiniCPM] Извлечён код=D00755908600400000Y, заголовок=None
2025-09-29 11:37:50,059 - INFO - [MiniCPM] Регулярка нашла код, предварительный тип: drawing
2025-09-29 11:37:50,127 - INFO - [MiniCPM] Рендер страницы 21 в изображение завершён
2025-09-29 11:37:50,783 - INFO - [MiniCPM] MiniCPM вернул page_type=drawing_specification
2025-09-29 11:37:50,784 - INFO - Page 21: result from analyzer -> type=drawing_specification, code=D00755908600400000Y, title=None
2025-09-29 11:37:50,784 - INFO - Действие: start_new_block
2025-09-29 11:37:50,788 - INFO - Создан PDF: /root/Split_Pdf/for_test/rezult2/D00756308700000000Y.pdf
2025-09-29 11:37:50,788 - INFO - [Builder] Новый блок: D00755908600400000Y, страницы=[21]
2025-09-29 11:37:50,788 - INFO - Блок после start_new_block: current_key=D00755908600400000Y, страницы=[21]
2025-09-29 11:37:50,788 - INFO - Действие: add_specification (drawing_specification)
2025-09-29 11:37:50,788 - INFO - Блок после add_specification: current_key=D00755908600400000Y, страницы=[21]
2025-09-29 11:37:50,788 - INFO - Обработка страницы 22
2025-09-29 11:37:50,788 - INFO - Вызов analyzer.classify_with_minicpm для страницы 22
2025-09-29 11:37:50,788 - INFO - [MiniCPM] Классификация страницы 22 начата
2025-09-29 11:37:50,791 - INFO - [MiniCPM] Извлечён код=D00755908600400000Y, заголовок=None
2025-09-29 11:37:51,353 - INFO - [MiniCPM] Регулярка нашла код, предварительный тип: specification
2025-09-29 11:37:51,405 - INFO - [MiniCPM] Рендер страницы 22 в изображение завершён
2025-09-29 11:37:52,010 - INFO - [MiniCPM] MiniCPM вернул page_type=specification
2025-09-29 11:37:52,016 - INFO - Page 22: result from analyzer -> type=specification, code=D00755908600400000Y, title=None
2025-09-29 11:37:52,016 - INFO - Действие: add_specification (specification)
2025-09-29 11:37:52,016 - INFO - Блок после add_specification: current_key=D00755908600400000Y, страницы=[21, 22]
2025-09-29 11:37:52,016 - INFO - Обработка страницы 23
2025-09-29 11:37:52,016 - INFO - Вызов analyzer.classify_with_minicpm для страницы 23
2025-09-29 11:37:52,016 - INFO - [MiniCPM] Классификация страницы 23 начата
2025-09-29 11:37:52,030 - INFO - [MiniCPM] Извлечён код=D00756308800000000Y, заголовок=None
2025-09-29 11:37:52,969 - INFO - [MiniCPM] Регулярка нашла код, предварительный тип: drawing
2025-09-29 11:37:53,068 - INFO - [MiniCPM] Рендер страницы 23 в изображение завершён
2025-09-29 11:37:53,733 - INFO - [MiniCPM] MiniCPM вернул page_type=drawing_specification
2025-09-29 11:37:53,733 - INFO - Page 23: result from analyzer -> type=drawing_specification, code=D00756308800000000Y, title=None
2025-09-29 11:37:53,733 - INFO - Действие: start_new_block
2025-09-29 11:37:53,736 - INFO - Создан PDF: /root/Split_Pdf/for_test/rezult2/D00755908600400000Y.pdf
2025-09-29 11:37:53,736 - INFO - [Builder] Новый блок: D00756308800000000Y, страницы=[23]
2025-09-29 11:37:53,736 - INFO - Блок после start_new_block: current_key=D00756308800000000Y, страницы=[23]
2025-09-29 11:37:53,736 - INFO - Действие: add_specification (drawing_specification)
2025-09-29 11:37:53,736 - INFO - Блок после add_specification: current_key=D00756308800000000Y, страницы=[23]
2025-09-29 11:37:53,736 - INFO - Обработка страницы 24
2025-09-29 11:37:53,736 - INFO - Вызов analyzer.classify_with_minicpm для страницы 24
2025-09-29 11:37:53,736 - INFO - [MiniCPM] Классификация страницы 24 начата
2025-09-29 11:37:53,743 - INFO - [MiniCPM] Извлечён код=D00756308800000000Y, заголовок=None
2025-09-29 11:37:54,769 - INFO - [MiniCPM] Регулярка нашла код, предварительный тип: specification
2025-09-29 11:37:54,839 - INFO - [MiniCPM] Рендер страницы 24 в изображение завершён
2025-09-29 11:37:55,422 - INFO - [MiniCPM] MiniCPM вернул page_type=specification
2025-09-29 11:37:55,422 - INFO - Page 24: result from analyzer -> type=specification, code=D00756308800000000Y, title=None
2025-09-29 11:37:55,422 - INFO - Действие: add_specification (specification)
2025-09-29 11:37:55,422 - INFO - Блок после add_specification: current_key=D00756308800000000Y, страницы=[23, 24]
2025-09-29 11:37:55,422 - INFO - Обработка страницы 25
2025-09-29 11:37:55,422 - INFO - Вызов analyzer.classify_with_minicpm для страницы 25
2025-09-29 11:37:55,422 - INFO - [MiniCPM] Классификация страницы 25 начата
2025-09-29 11:37:55,436 - INFO - [MiniCPM] Извлечён код=D00756308800000000Y, заголовок=None
2025-09-29 11:37:56,364 - INFO - [MiniCPM] Регулярка нашла код, предварительный тип: drawing
2025-09-29 11:37:56,465 - INFO - [MiniCPM] Рендер страницы 25 в изображение завершён
2025-09-29 11:37:57,105 - INFO - [MiniCPM] MiniCPM вернул page_type=drawing_specification
2025-09-29 11:37:57,105 - INFO - Page 25: result from analyzer -> type=drawing_specification, code=D00756308800000000Y, title=None
2025-09-29 11:37:57,105 - INFO - Действие: start_new_block
2025-09-29 11:37:57,105 - INFO - Блок после start_new_block: current_key=D00756308800000000Y, страницы=[23, 24, 25]
2025-09-29 11:37:57,105 - INFO - Действие: add_specification (drawing_specification)
2025-09-29 11:37:57,105 - INFO - Блок после add_specification: current_key=D00756308800000000Y, страницы=[23, 24, 25]
2025-09-29 11:37:57,105 - INFO - Обработка страницы 26
2025-09-29 11:37:57,112 - INFO - Вызов analyzer.classify_with_minicpm для страницы 26
2025-09-29 11:37:57,112 - INFO - [MiniCPM] Классификация страницы 26 начата
2025-09-29 11:37:57,116 - INFO - [MiniCPM] Извлечён код=D00756308800000000Y, заголовок=None
2025-09-29 11:37:57,699 - INFO - [MiniCPM] Регулярка нашла код, предварительный тип: specification
2025-09-29 11:37:57,755 - INFO - [MiniCPM] Рендер страницы 26 в изображение завершён
2025-09-29 11:37:58,359 - INFO - [MiniCPM] MiniCPM вернул page_type=specification
2025-09-29 11:37:58,359 - INFO - Page 26: result from analyzer -> type=specification, code=D00756308800000000Y, title=None
2025-09-29 11:37:58,359 - INFO - Действие: add_specification (specification)
2025-09-29 11:37:58,359 - INFO - Блок после add_specification: current_key=D00756308800000000Y, страницы=[23, 24, 25, 26]
2025-09-29 11:37:58,359 - INFO - Обработка страницы 27
2025-09-29 11:37:58,359 - INFO - Вызов analyzer.classify_with_minicpm для страницы 27
2025-09-29 11:37:58,359 - INFO - [MiniCPM] Классификация страницы 27 начата
2025-09-29 11:37:58,363 - INFO - [MiniCPM] Извлечён код=D00755908700400000Y, заголовок=None
2025-09-29 11:37:58,926 - INFO - [MiniCPM] Регулярка нашла код, предварительный тип: drawing
2025-09-29 11:37:58,991 - INFO - [MiniCPM] Рендер страницы 27 в изображение завершён
2025-09-29 11:37:59,638 - INFO - [MiniCPM] MiniCPM вернул page_type=drawing_specification
2025-09-29 11:37:59,638 - INFO - Page 27: result from analyzer -> type=drawing_specification, code=D00755908700400000Y, title=None
2025-09-29 11:37:59,638 - INFO - Действие: start_new_block
2025-09-29 11:37:59,643 - INFO - Создан PDF: /root/Split_Pdf/for_test/rezult2/D00756308800000000Y.pdf
2025-09-29 11:37:59,643 - INFO - [Builder] Новый блок: D00755908700400000Y, страницы=[27]
2025-09-29 11:37:59,643 - INFO - Блок после start_new_block: current_key=D00755908700400000Y, страницы=[27]
2025-09-29 11:37:59,644 - INFO - Действие: add_specification (drawing_specification)
2025-09-29 11:37:59,644 - INFO - Блок после add_specification: current_key=D00755908700400000Y, страницы=[27]
2025-09-29 11:37:59,644 - INFO - Обработка страницы 28
2025-09-29 11:37:59,644 - INFO - Вызов analyzer.classify_with_minicpm для страницы 28
2025-09-29 11:37:59,644 - INFO - [MiniCPM] Классификация страницы 28 начата
2025-09-29 11:37:59,646 - INFO - [MiniCPM] Извлечён код=D00755908700400000Y, заголовок=None
2025-09-29 11:38:00,207 - INFO - [MiniCPM] Регулярка нашла код, предварительный тип: specification
2025-09-29 11:38:00,261 - INFO - [MiniCPM] Рендер страницы 28 в изображение завершён
2025-09-29 11:38:00,947 - INFO - [MiniCPM] MiniCPM вернул page_type=specification
2025-09-29 11:38:00,947 - INFO - Page 28: result from analyzer -> type=specification, code=D00755908700400000Y, title=None
2025-09-29 11:38:00,947 - INFO - Действие: add_specification (specification)
2025-09-29 11:38:00,948 - INFO - Блок после add_specification: current_key=D00755908700400000Y, страницы=[27, 28]
2025-09-29 11:38:00,948 - INFO - Обработка страницы 29
2025-09-29 11:38:00,948 - INFO - Вызов analyzer.classify_with_minicpm для страницы 29
2025-09-29 11:38:00,948 - INFO - [MiniCPM] Классификация страницы 29 начата
2025-09-29 11:38:00,964 - INFO - [MiniCPM] Извлечён код=D00756308900000000ZY, заголовок=None
2025-09-29 11:38:02,187 - INFO - [MiniCPM] Регулярка нашла код, предварительный тип: drawing
2025-09-29 11:38:02,299 - INFO - [MiniCPM] Рендер страницы 29 в изображение завершён
2025-09-29 11:38:02,962 - INFO - [MiniCPM] MiniCPM вернул page_type=drawing_specification
2025-09-29 11:38:02,962 - INFO - Page 29: result from analyzer -> type=drawing_specification, code=D00756308900000000ZY, title=None
2025-09-29 11:38:02,962 - INFO - Действие: start_new_block
2025-09-29 11:38:02,965 - INFO - Создан PDF: /root/Split_Pdf/for_test/rezult2/D00755908700400000Y.pdf
2025-09-29 11:38:02,966 - INFO - [Builder] Новый блок: D00756308900000000ZY, страницы=[29]
2025-09-29 11:38:02,966 - INFO - Блок после start_new_block: current_key=D00756308900000000ZY, страницы=[29]
2025-09-29 11:38:02,966 - INFO - Действие: add_specification (drawing_specification)
2025-09-29 11:38:02,966 - INFO - Блок после add_specification: current_key=D00756308900000000ZY, страницы=[29]
2025-09-29 11:38:02,966 - INFO - Обработка страницы 30
2025-09-29 11:38:02,966 - INFO - Вызов analyzer.classify_with_minicpm для страницы 30
2025-09-29 11:38:02,966 - INFO - [MiniCPM] Классификация страницы 30 начата
2025-09-29 11:38:02,973 - INFO - [MiniCPM] Извлечён код=D00756308900000000ZY, заголовок=None
2025-09-29 11:38:03,820 - INFO - [MiniCPM] Регулярка нашла код, предварительный тип: specification
2025-09-29 11:38:03,891 - INFO - [MiniCPM] Рендер страницы 30 в изображение завершён
2025-09-29 11:38:04,513 - INFO - [MiniCPM] MiniCPM вернул page_type=specification
2025-09-29 11:38:04,514 - INFO - Page 30: result from analyzer -> type=specification, code=D00756308900000000ZY, title=None
2025-09-29 11:38:04,514 - INFO - Действие: add_specification (specification)
2025-09-29 11:38:04,514 - INFO - Блок после add_specification: current_key=D00756308900000000ZY, страницы=[29, 30]
2025-09-29 11:38:04,514 - INFO - Обработка страницы 31
2025-09-29 11:38:04,514 - INFO - Вызов analyzer.classify_with_minicpm для страницы 31
2025-09-29 11:38:04,514 - INFO - [MiniCPM] Классификация страницы 31 начата
2025-09-29 11:38:04,528 - INFO - [MiniCPM] Извлечён код=D00756308900000000ZY, заголовок=None
2025-09-29 11:38:05,559 - INFO - [MiniCPM] Регулярка нашла код, предварительный тип: drawing
2025-09-29 11:38:05,668 - INFO - [MiniCPM] Рендер страницы 31 в изображение завершён
2025-09-29 11:38:06,311 - INFO - [MiniCPM] MiniCPM вернул page_type=drawing_specification
2025-09-29 11:38:06,311 - INFO - Page 31: result from analyzer -> type=drawing_specification, code=D00756308900000000ZY, title=None
2025-09-29 11:38:06,311 - INFO - Действие: start_new_block
2025-09-29 11:38:06,312 - INFO - Блок после start_new_block: current_key=D00756308900000000ZY, страницы=[29, 30, 31]
2025-09-29 11:38:06,312 - INFO - Действие: add_specification (drawing_specification)
2025-09-29 11:38:06,312 - INFO - Блок после add_specification: current_key=D00756308900000000ZY, страницы=[29, 30, 31]
2025-09-29 11:38:06,312 - INFO - Обработка страницы 32
2025-09-29 11:38:06,312 - INFO - Вызов analyzer.classify_with_minicpm для страницы 32
2025-09-29 11:38:06,312 - INFO - [MiniCPM] Классификация страницы 32 начата
2025-09-29 11:38:06,314 - INFO - [MiniCPM] Извлечён код=D00756308900000000ZY, заголовок=None
2025-09-29 11:38:06,829 - INFO - [MiniCPM] Регулярка нашла код, предварительный тип: drawing
2025-09-29 11:38:06,878 - INFO - [MiniCPM] Рендер страницы 32 в изображение завершён
2025-09-29 11:38:07,475 - INFO - [MiniCPM] MiniCPM вернул page_type=specification
2025-09-29 11:38:07,475 - INFO - Page 32: result from analyzer -> type=specification, code=D00756308900000000ZY, title=None
2025-09-29 11:38:07,476 - INFO - Действие: add_specification (specification)
2025-09-29 11:38:07,476 - INFO - Блок после add_specification: current_key=D00756308900000000ZY, страницы=[29, 30, 31, 32]
2025-09-29 11:38:07,476 - INFO - Обработка страницы 33
2025-09-29 11:38:07,476 - INFO - Вызов analyzer.classify_with_minicpm для страницы 33
2025-09-29 11:38:07,476 - INFO - [MiniCPM] Классификация страницы 33 начата
2025-09-29 11:38:07,480 - INFO - [MiniCPM] Извлечён код=D00756308900600000Y, заголовок=None
2025-09-29 11:38:08,068 - INFO - [MiniCPM] Регулярка нашла код, предварительный тип: drawing
2025-09-29 11:38:08,133 - INFO - [MiniCPM] Рендер страницы 33 в изображение завершён
2025-09-29 11:38:08,790 - INFO - [MiniCPM] MiniCPM вернул page_type=drawing_specification
2025-09-29 11:38:08,790 - INFO - Page 33: result from analyzer -> type=drawing_specification, code=D00756308900600000Y, title=None
2025-09-29 11:38:08,790 - INFO - Действие: start_new_block
2025-09-29 11:38:08,796 - INFO - Создан PDF: /root/Split_Pdf/for_test/rezult2/D00756308900000000ZY.pdf
2025-09-29 11:38:08,796 - INFO - [Builder] Новый блок: D00756308900600000Y, страницы=[33]
2025-09-29 11:38:08,796 - INFO - Блок после start_new_block: current_key=D00756308900600000Y, страницы=[33]
2025-09-29 11:38:08,796 - INFO - Действие: add_specification (drawing_specification)
2025-09-29 11:38:08,796 - INFO - Блок после add_specification: current_key=D00756308900600000Y, страницы=[33]
2025-09-29 11:38:08,796 - INFO - Обработка страницы 34
2025-09-29 11:38:08,796 - INFO - Вызов analyzer.classify_with_minicpm для страницы 34
2025-09-29 11:38:08,796 - INFO - [MiniCPM] Классификация страницы 34 начата
2025-09-29 11:38:08,799 - INFO - [MiniCPM] Извлечён код=D00756308900600000Y, заголовок=None
2025-09-29 11:38:09,357 - INFO - [MiniCPM] Регулярка нашла код, предварительный тип: specification
2025-09-29 11:38:09,410 - INFO - [MiniCPM] Рендер страницы 34 в изображение завершён
2025-09-29 11:38:10,013 - INFO - [MiniCPM] MiniCPM вернул page_type=specification
2025-09-29 11:38:10,013 - INFO - Page 34: result from analyzer -> type=specification, code=D00756308900600000Y, title=None
2025-09-29 11:38:10,013 - INFO - Действие: add_specification (specification)
2025-09-29 11:38:10,013 - INFO - Блок после add_specification: current_key=D00756308900600000Y, страницы=[33, 34]
2025-09-29 11:38:10,013 - INFO - Обработка страницы 35
2025-09-29 11:38:10,014 - INFO - Вызов analyzer.classify_with_minicpm для страницы 35
2025-09-29 11:38:10,014 - INFO - [MiniCPM] Классификация страницы 35 начата
2025-09-29 11:38:10,018 - INFO - [MiniCPM] Извлечён код=D00756301200000000Y, заголовок=SPARE PARTS CATALOG FOR ROUGH TERRAIN CRANE

ROOSTER SHEAVE
2025-09-29 11:38:10,858 - INFO - [MiniCPM] Регулярка нашла код, предварительный тип: drawing
2025-09-29 11:38:10,931 - INFO - [MiniCPM] Рендер страницы 35 в изображение завершён
2025-09-29 11:38:11,584 - INFO - [MiniCPM] MiniCPM вернул page_type=drawing_specification
2025-09-29 11:38:11,584 - INFO - Page 35: result from analyzer -> type=drawing_specification, code=D00756301200000000Y, title=SPARE PARTS CATALOG FOR ROUGH TERRAIN CRANE

ROOSTER SHEAVE
2025-09-29 11:38:11,584 - INFO - Действие: start_new_block
2025-09-29 11:38:11,587 - INFO - Создан PDF: /root/Split_Pdf/for_test/rezult2/D00756308900600000Y.pdf
2025-09-29 11:38:11,587 - INFO - [Builder] Новый блок: D00756301200000000Y, страницы=[35]
2025-09-29 11:38:11,587 - INFO - Блок после start_new_block: current_key=D00756301200000000Y, страницы=[35]
2025-09-29 11:38:11,587 - INFO - Действие: add_specification (drawing_specification)
2025-09-29 11:38:11,592 - INFO - Блок после add_specification: current_key=D00756301200000000Y, страницы=[35]
2025-09-29 11:38:11,592 - INFO - Обработка страницы 36
2025-09-29 11:38:11,592 - INFO - Вызов analyzer.classify_with_minicpm для страницы 36
2025-09-29 11:38:11,592 - INFO - [MiniCPM] Классификация страницы 36 начата
2025-09-29 11:38:11,595 - INFO - [MiniCPM] Извлечён код=D00756301200000000Y, заголовок=SPARE PARTS CATALOG FOR ROUGH TERRAIN CRANE

ROOSTER SHEAVE
2025-09-29 11:38:12,181 - INFO - [MiniCPM] Регулярка нашла код, предварительный тип: specification
2025-09-29 11:38:12,239 - INFO - [MiniCPM] Рендер страницы 36 в изображение завершён
2025-09-29 11:38:12,839 - INFO - [MiniCPM] MiniCPM вернул page_type=specification
2025-09-29 11:38:12,839 - INFO - Page 36: result from analyzer -> type=specification, code=D00756301200000000Y, title=SPARE PARTS CATALOG FOR ROUGH TERRAIN CRANE

ROOSTER SHEAVE
2025-09-29 11:38:12,839 - INFO - Действие: add_specification (specification)
2025-09-29 11:38:12,843 - INFO - Блок после add_specification: current_key=D00756301200000000Y, страницы=[35, 36]
2025-09-29 11:38:12,844 - INFO - Обработка страницы 37
2025-09-29 11:38:12,844 - INFO - Вызов analyzer.classify_with_minicpm для страницы 37
2025-09-29 11:38:12,844 - INFO - [MiniCPM] Классификация страницы 37 начата
2025-09-29 11:38:12,848 - INFO - [MiniCPM] Извлечён код=D00756308900600000Y, заголовок=None
2025-09-29 11:38:13,453 - INFO - [MiniCPM] Регулярка нашла код, предварительный тип: drawing
2025-09-29 11:38:13,523 - INFO - [MiniCPM] Рендер страницы 37 в изображение завершён
2025-09-29 11:38:14,175 - INFO - [MiniCPM] MiniCPM вернул page_type=drawing_specification
2025-09-29 11:38:14,175 - INFO - Page 37: result from analyzer -> type=drawing_specification, code=D00756308900600000Y, title=None
2025-09-29 11:38:14,175 - INFO - Действие: start_new_block
2025-09-29 11:38:14,178 - INFO - Создан PDF: /root/Split_Pdf/for_test/rezult2/D00756301200000000Y.pdf
2025-09-29 11:38:14,178 - INFO - [Builder] Новый блок: D00756308900600000Y, страницы=[37]
2025-09-29 11:38:14,178 - INFO - Блок после start_new_block: current_key=D00756308900600000Y, страницы=[37]
2025-09-29 11:38:14,178 - INFO - Действие: add_specification (drawing_specification)
2025-09-29 11:38:14,178 - INFO - Блок после add_specification: current_key=D00756308900600000Y, страницы=[37]
2025-09-29 11:38:14,178 - INFO - Обработка страницы 38
2025-09-29 11:38:14,179 - INFO - Вызов analyzer.classify_with_minicpm для страницы 38
2025-09-29 11:38:14,179 - INFO - [MiniCPM] Классификация страницы 38 начата
2025-09-29 11:38:14,181 - INFO - [MiniCPM] Извлечён код=D00756308900600000Y, заголовок=None
2025-09-29 11:38:14,736 - INFO - [MiniCPM] Регулярка нашла код, предварительный тип: specification
2025-09-29 11:38:14,790 - INFO - [MiniCPM] Рендер страницы 38 в изображение завершён
2025-09-29 11:38:15,398 - INFO - [MiniCPM] MiniCPM вернул page_type=specification
2025-09-29 11:38:15,398 - INFO - Page 38: result from analyzer -> type=specification, code=D00756308900600000Y, title=None
2025-09-29 11:38:15,398 - INFO - Действие: add_specification (specification)
2025-09-29 11:38:15,398 - INFO - Блок после add_specification: current_key=D00756308900600000Y, страницы=[37, 38]
2025-09-29 11:38:15,398 - INFO - Обработка страницы 39
2025-09-29 11:38:15,399 - INFO - Вызов analyzer.classify_with_minicpm для страницы 39
2025-09-29 11:38:15,399 - INFO - [MiniCPM] Классификация страницы 39 начата
2025-09-29 11:38:15,405 - INFO - [MiniCPM] Извлечён код=D00756304700800000Y, заголовок=SPARE PARTS CATALOG FOR ROUGH TERRAIN CRANE

ROOSTER SHEAVE INSTALLATION
2025-09-29 11:38:16,097 - INFO - [MiniCPM] Регулярка нашла код, предварительный тип: drawing
2025-09-29 11:38:16,172 - INFO - [MiniCPM] Рендер страницы 39 в изображение завершён
2025-09-29 11:38:16,794 - INFO - [MiniCPM] MiniCPM вернул page_type=drawing_specification
2025-09-29 11:38:16,794 - INFO - Page 39: result from analyzer -> type=drawing_specification, code=D00756304700800000Y, title=SPARE PARTS CATALOG FOR ROUGH TERRAIN CRANE

ROOSTER SHEAVE INSTALLATION
2025-09-29 11:38:16,794 - INFO - Действие: start_new_block
2025-09-29 11:38:16,798 - INFO - Создан PDF: /root/Split_Pdf/for_test/rezult2/D00756308900600000Y.pdf
2025-09-29 11:38:16,798 - INFO - [Builder] Новый блок: D00756304700800000Y, страницы=[39]
2025-09-29 11:38:16,798 - INFO - Блок после start_new_block: current_key=D00756304700800000Y, страницы=[39]
2025-09-29 11:38:16,798 - INFO - Действие: add_specification (drawing_specification)
2025-09-29 11:38:16,804 - INFO - Блок после add_specification: current_key=D00756304700800000Y, страницы=[39]
2025-09-29 11:38:16,804 - INFO - Обработка страницы 40
2025-09-29 11:38:16,804 - INFO - Вызов analyzer.classify_with_minicpm для страницы 40
2025-09-29 11:38:16,804 - INFO - [MiniCPM] Классификация страницы 40 начата
2025-09-29 11:38:16,806 - INFO - [MiniCPM] Извлечён код=D00756304700800000Y, заголовок=SPARE PARTS CATALOG FOR ROUGH TERRAIN CRANE

ROOSTER SHEAVE INSTALLATION
2025-09-29 11:38:17,385 - INFO - [MiniCPM] Регулярка нашла код, предварительный тип: specification
2025-09-29 11:38:17,439 - INFO - [MiniCPM] Рендер страницы 40 в изображение завершён
2025-09-29 11:38:18,053 - INFO - [MiniCPM] MiniCPM вернул page_type=specification
2025-09-29 11:38:18,053 - INFO - Page 40: result from analyzer -> type=specification, code=D00756304700800000Y, title=SPARE PARTS CATALOG FOR ROUGH TERRAIN CRANE

ROOSTER SHEAVE INSTALLATION
2025-09-29 11:38:18,053 - INFO - Действие: add_specification (specification)
2025-09-29 11:38:18,056 - INFO - Блок после add_specification: current_key=D00756304700800000Y, страницы=[39, 40]
2025-09-29 11:38:18,057 - INFO - Обработка страницы 41
2025-09-29 11:38:18,057 - INFO - Вызов analyzer.classify_with_minicpm для страницы 41
2025-09-29 11:38:18,057 - INFO - [MiniCPM] Классификация страницы 41 начата
2025-09-29 11:38:18,096 - INFO - [MiniCPM] Извлечён код=D00756300100000000Y, заголовок=None
2025-09-29 11:38:20,031 - INFO - [MiniCPM] Регулярка нашла код, предварительный тип: drawing
2025-09-29 11:38:20,190 - INFO - [MiniCPM] Рендер страницы 41 в изображение завершён
2025-09-29 11:38:20,834 - INFO - [MiniCPM] MiniCPM вернул page_type=drawing_specification
2025-09-29 11:38:20,834 - INFO - Page 41: result from analyzer -> type=drawing_specification, code=D00756300100000000Y, title=None
2025-09-29 11:38:20,834 - INFO - Действие: start_new_block
2025-09-29 11:38:20,837 - INFO - Создан PDF: /root/Split_Pdf/for_test/rezult2/D00756304700800000Y.pdf
2025-09-29 11:38:20,837 - INFO - [Builder] Новый блок: D00756300100000000Y, страницы=[41]
2025-09-29 11:38:20,838 - INFO - Блок после start_new_block: current_key=D00756300100000000Y, страницы=[41]
2025-09-29 11:38:20,838 - INFO - Действие: add_specification (drawing_specification)
2025-09-29 11:38:20,838 - INFO - Блок после add_specification: current_key=D00756300100000000Y, страницы=[41]
2025-09-29 11:38:20,838 - INFO - Обработка страницы 42
2025-09-29 11:38:20,838 - INFO - Вызов analyzer.classify_with_minicpm для страницы 42
2025-09-29 11:38:20,838 - INFO - [MiniCPM] Классификация страницы 42 начата
2025-09-29 11:38:20,844 - INFO - [MiniCPM] Извлечён код=D00756300100000000Y, заголовок=None
2025-09-29 11:38:21,672 - INFO - [MiniCPM] Регулярка нашла код, предварительный тип: specification
2025-09-29 11:38:21,740 - INFO - [MiniCPM] Рендер страницы 42 в изображение завершён
2025-09-29 11:38:22,317 - INFO - [MiniCPM] MiniCPM вернул page_type=specification
2025-09-29 11:38:22,318 - INFO - Page 42: result from analyzer -> type=specification, code=D00756300100000000Y, title=None
2025-09-29 11:38:22,318 - INFO - Действие: add_specification (specification)
2025-09-29 11:38:22,318 - INFO - Блок после add_specification: current_key=D00756300100000000Y, страницы=[41, 42]
2025-09-29 11:38:22,318 - INFO - Обработка страницы 43
2025-09-29 11:38:22,318 - INFO - Вызов analyzer.classify_with_minicpm для страницы 43
2025-09-29 11:38:22,318 - INFO - [MiniCPM] Классификация страницы 43 начата
2025-09-29 11:38:22,355 - INFO - [MiniCPM] Извлечён код=D00756300100000000Y, заголовок=None
2025-09-29 11:38:24,204 - INFO - [MiniCPM] Регулярка нашла код, предварительный тип: drawing
2025-09-29 11:38:24,363 - INFO - [MiniCPM] Рендер страницы 43 в изображение завершён
2025-09-29 11:38:25,018 - INFO - [MiniCPM] MiniCPM вернул page_type=drawing_specification
2025-09-29 11:38:25,018 - INFO - Page 43: result from analyzer -> type=drawing_specification, code=D00756300100000000Y, title=None
2025-09-29 11:38:25,018 - INFO - Действие: start_new_block
2025-09-29 11:38:25,019 - INFO - Блок после start_new_block: current_key=D00756300100000000Y, страницы=[41, 42, 43]
2025-09-29 11:38:25,019 - INFO - Действие: add_specification (drawing_specification)
2025-09-29 11:38:25,019 - INFO - Блок после add_specification: current_key=D00756300100000000Y, страницы=[41, 42, 43]
2025-09-29 11:38:25,019 - INFO - Обработка страницы 44
2025-09-29 11:38:25,019 - INFO - Вызов analyzer.classify_with_minicpm для страницы 44
2025-09-29 11:38:25,019 - INFO - [MiniCPM] Классификация страницы 44 начата
2025-09-29 11:38:25,023 - INFO - [MiniCPM] Извлечён код=D00756300100000000Y, заголовок=None
2025-09-29 11:38:25,665 - INFO - [MiniCPM] Регулярка нашла код, предварительный тип: specification
2025-09-29 11:38:25,721 - INFO - [MiniCPM] Рендер страницы 44 в изображение завершён
2025-09-29 11:38:26,321 - INFO - [MiniCPM] MiniCPM вернул page_type=specification
2025-09-29 11:38:26,321 - INFO - Page 44: result from analyzer -> type=specification, code=D00756300100000000Y, title=None
2025-09-29 11:38:26,321 - INFO - Действие: add_specification (specification)
2025-09-29 11:38:26,321 - INFO - Блок после add_specification: current_key=D00756300100000000Y, страницы=[41, 42, 43, 44]
2025-09-29 11:38:26,321 - INFO - Обработка страницы 45
2025-09-29 11:38:26,321 - INFO - Вызов analyzer.classify_with_minicpm для страницы 45
2025-09-29 11:38:26,321 - INFO - [MiniCPM] Классификация страницы 45 начата
2025-09-29 11:38:26,326 - INFO - [MiniCPM] Извлечён код=D00756300100600000Y, заголовок=None
2025-09-29 11:38:26,922 - INFO - [MiniCPM] Регулярка нашла код, предварительный тип: drawing
2025-09-29 11:38:26,980 - INFO - [MiniCPM] Рендер страницы 45 в изображение завершён
2025-09-29 11:38:27,635 - INFO - [MiniCPM] MiniCPM вернул page_type=drawing_specification
2025-09-29 11:38:27,635 - INFO - Page 45: result from analyzer -> type=drawing_specification, code=D00756300100600000Y, title=None
2025-09-29 11:38:27,635 - INFO - Действие: start_new_block
2025-09-29 11:38:27,641 - INFO - Создан PDF: /root/Split_Pdf/for_test/rezult2/D00756300100000000Y.pdf
2025-09-29 11:38:27,642 - INFO - [Builder] Новый блок: D00756300100600000Y, страницы=[45]
2025-09-29 11:38:27,642 - INFO - Блок после start_new_block: current_key=D00756300100600000Y, страницы=[45]
2025-09-29 11:38:27,642 - INFO - Действие: add_specification (drawing_specification)
2025-09-29 11:38:27,642 - INFO - Блок после add_specification: current_key=D00756300100600000Y, страницы=[45]
2025-09-29 11:38:27,642 - INFO - Обработка страницы 46
2025-09-29 11:38:27,642 - INFO - Вызов analyzer.classify_with_minicpm для страницы 46
2025-09-29 11:38:27,642 - INFO - [MiniCPM] Классификация страницы 46 начата
2025-09-29 11:38:27,645 - INFO - [MiniCPM] Извлечён код=D00756300100600000Y, заголовок=None
2025-09-29 11:38:28,230 - INFO - [MiniCPM] Регулярка нашла код, предварительный тип: specification
2025-09-29 11:38:28,286 - INFO - [MiniCPM] Рендер страницы 46 в изображение завершён
2025-09-29 11:38:28,892 - INFO - [MiniCPM] MiniCPM вернул page_type=specification
2025-09-29 11:38:28,892 - INFO - Page 46: result from analyzer -> type=specification, code=D00756300100600000Y, title=None
2025-09-29 11:38:28,892 - INFO - Действие: add_specification (specification)
2025-09-29 11:38:28,892 - INFO - Блок после add_specification: current_key=D00756300100600000Y, страницы=[45, 46]
2025-09-29 11:38:28,893 - INFO - Обработка страницы 47
2025-09-29 11:38:28,893 - INFO - Вызов analyzer.classify_with_minicpm для страницы 47
2025-09-29 11:38:28,893 - INFO - [MiniCPM] Классификация страницы 47 начата
2025-09-29 11:38:28,903 - INFO - [MiniCPM] Извлечён код=D00756304700200001Y, заголовок=SPARE PARTS CATALOG FOR ROUGH TERRAIN CRANE

MAIN BOOM INSTALLATION
2025-09-29 11:38:29,726 - INFO - [MiniCPM] Регулярка нашла код, предварительный тип: drawing
2025-09-29 11:38:29,820 - INFO - [MiniCPM] Рендер страницы 47 в изображение завершён
2025-09-29 11:38:30,470 - INFO - [MiniCPM] MiniCPM вернул page_type=drawing_specification
2025-09-29 11:38:30,470 - INFO - Page 47: result from analyzer -> type=drawing_specification, code=D00756304700200001Y, title=SPARE PARTS CATALOG FOR ROUGH TERRAIN CRANE

MAIN BOOM INSTALLATION
2025-09-29 11:38:30,471 - INFO - Действие: start_new_block
2025-09-29 11:38:30,473 - INFO - Создан PDF: /root/Split_Pdf/for_test/rezult2/D00756300100600000Y.pdf
2025-09-29 11:38:30,474 - INFO - [Builder] Новый блок: D00756304700200001Y, страницы=[47]
2025-09-29 11:38:30,474 - INFO - Блок после start_new_block: current_key=D00756304700200001Y, страницы=[47]
2025-09-29 11:38:30,474 - INFO - Действие: add_specification (drawing_specification)
2025-09-29 11:38:30,485 - INFO - Блок после add_specification: current_key=D00756304700200001Y, страницы=[47]
2025-09-29 11:38:30,485 - INFO - Обработка страницы 48
2025-09-29 11:38:30,485 - INFO - Вызов analyzer.classify_with_minicpm для страницы 48
2025-09-29 11:38:30,485 - INFO - [MiniCPM] Классификация страницы 48 начата
2025-09-29 11:38:30,488 - INFO - [MiniCPM] Извлечён код=D00756304700200001Y, заголовок=SPARE PARTS CATALOG FOR ROUGH TERRAIN CRANE

MAIN BOOM INSTALLATION
2025-09-29 11:38:31,113 - INFO - [MiniCPM] Регулярка нашла код, предварительный тип: specification
2025-09-29 11:38:31,170 - INFO - [MiniCPM] Рендер страницы 48 в изображение завершён
2025-09-29 11:38:31,783 - INFO - [MiniCPM] MiniCPM вернул page_type=specification
2025-09-29 11:38:31,783 - INFO - Page 48: result from analyzer -> type=specification, code=D00756304700200001Y, title=SPARE PARTS CATALOG FOR ROUGH TERRAIN CRANE

MAIN BOOM INSTALLATION
2025-09-29 11:38:31,783 - INFO - Действие: add_specification (specification)
2025-09-29 11:38:31,787 - INFO - Блок после add_specification: current_key=D00756304700200001Y, страницы=[47, 48]
2025-09-29 11:38:31,787 - INFO - Обработка страницы 49
2025-09-29 11:38:31,787 - INFO - Вызов analyzer.classify_with_minicpm для страницы 49
2025-09-29 11:38:31,787 - INFO - [MiniCPM] Классификация страницы 49 начата
2025-09-29 11:38:31,815 - INFO - [MiniCPM] Извлечён код=D00756300200000000Y, заголовок=SPARE PARTS CATALOG FOR ROUGH TERRAIN CRANE

JIB
2025-09-29 11:38:33,472 - INFO - [MiniCPM] Регулярка нашла код, предварительный тип: drawing
2025-09-29 11:38:33,610 - INFO - [MiniCPM] Рендер страницы 49 в изображение завершён
2025-09-29 11:38:34,246 - INFO - [MiniCPM] MiniCPM вернул page_type=drawing_specification
2025-09-29 11:38:34,246 - INFO - Page 49: result from analyzer -> type=drawing_specification, code=D00756300200000000Y, title=SPARE PARTS CATALOG FOR ROUGH TERRAIN CRANE

JIB
2025-09-29 11:38:34,246 - INFO - Действие: start_new_block
2025-09-29 11:38:34,249 - INFO - Создан PDF: /root/Split_Pdf/for_test/rezult2/D00756304700200001Y.pdf
2025-09-29 11:38:34,249 - INFO - [Builder] Новый блок: D00756300200000000Y, страницы=[49]
2025-09-29 11:38:34,249 - INFO - Блок после start_new_block: current_key=D00756300200000000Y, страницы=[49]
2025-09-29 11:38:34,250 - INFO - Действие: add_specification (drawing_specification)
2025-09-29 11:38:34,290 - INFO - Блок после add_specification: current_key=D00756300200000000Y, страницы=[49]
2025-09-29 11:38:34,292 - INFO - Создан PDF: /root/Split_Pdf/for_test/rezult2/D00756300200000000Y.pdf
2025-09-29 11:38:34,292 - INFO - [Builder] Отброшены несопоставленные спецификации: ['D00755910000010000Y', 'D00756307020000000Y', 'D00756304810400000Y', 'D00755705000000000Y']
2025-09-29 11:38:34,292 - INFO - Финализация блоков, всего сгенерировано 17 файлов
2025-09-29 11:38:34,292 - INFO - Сгенерированные файлы: ['/root/Split_Pdf/for_test/rezult2/D00756300000000000Y.pdf', '/root/Split_Pdf/for_test/rezult2/SPARE PARTS CATALOG FOR ROUGH TERRAIN CRANE\nRT100 ROUGH TERRAIN CRANE D00756300000000000Y.pdf', '/root/Split_Pdf/for_test/rezult2/D00756308500000000Y.pdf', '/root/Split_Pdf/for_test/rezult2/D00756308600000000Y.pdf', '/root/Split_Pdf/for_test/rezult2/D00756308700000000Y.pdf', '/root/Split_Pdf/for_test/rezult2/D00755908600400000Y.pdf', '/root/Split_Pdf/for_test/rezult2/D00756308800000000Y.pdf', '/root/Split_Pdf/for_test/rezult2/D00755908700400000Y.pdf', '/root/Split_Pdf/for_test/rezult2/D00756308900000000ZY.pdf', '/root/Split_Pdf/for_test/rezult2/D00756308900600000Y.pdf', '/root/Split_Pdf/for_test/rezult2/D00756301200000000Y.pdf', '/root/Split_Pdf/for_test/rezult2/D00756308900600000Y.pdf', '/root/Split_Pdf/for_test/rezult2/D00756304700800000Y.pdf', '/root/Split_Pdf/for_test/rezult2/D00756300100000000Y.pdf', '/root/Split_Pdf/for_test/rezult2/D00756300100600000Y.pdf', '/root/Split_Pdf/for_test/rezult2/D00756304700200001Y.pdf', '/root/Split_Pdf/for_test/rezult2/D00756300200000000Y.pdf']
2025-09-29 11:38:34,292 - INFO - Сгенерированные файлы: ['/root/Split_Pdf/for_test/rezult2/D00756300000000000Y.pdf', '/root/Split_Pdf/for_test/rezult2/SPARE PARTS CATALOG FOR ROUGH TERRAIN CRANE\nRT100 ROUGH TERRAIN CRANE D00756300000000000Y.pdf', '/root/Split_Pdf/for_test/rezult2/D00756308500000000Y.pdf', '/root/Split_Pdf/for_test/rezult2/D00756308600000000Y.pdf', '/root/Split_Pdf/for_test/rezult2/D00756308700000000Y.pdf', '/root/Split_Pdf/for_test/rezult2/D00755908600400000Y.pdf', '/root/Split_Pdf/for_test/rezult2/D00756308800000000Y.pdf', '/root/Split_Pdf/for_test/rezult2/D00755908700400000Y.pdf', '/root/Split_Pdf/for_test/rezult2/D00756308900000000ZY.pdf', '/root/Split_Pdf/for_test/rezult2/D00756308900600000Y.pdf', '/root/Split_Pdf/for_test/rezult2/D00756301200000000Y.pdf', '/root/Split_Pdf/for_test/rezult2/D00756308900600000Y.pdf', '/root/Split_Pdf/for_test/rezult2/D00756304700800000Y.pdf', '/root/Split_Pdf/for_test/rezult2/D00756300100000000Y.pdf', '/root/Split_Pdf/for_test/rezult2/D00756300100600000Y.pdf', '/root/Split_Pdf/for_test/rezult2/D00756304700200001Y.pdf', '/root/Split_Pdf/for_test/rezult2/D00756300200000000Y.pdf']
2025-09-29 11:38:34,297 - INFO - Ресурсы PdfCatalogSplitter закрыты
2025-09-29 11:39:07,647 - INFO - Запуск обработки файла: /root/Split_Pdf/for_test/39_RT100 Rough Terrain Crane Spare parts catalog-1-50.pdf
2025-09-29 11:39:11,736 - INFO - Используется GPU: NVIDIA GeForce RTX 4090
2025-09-29 11:39:19,759 - INFO - Инициализация PdfCatalogSplitter для файла: /root/Split_Pdf/for_test/39_RT100 Rough Terrain Crane Spare parts catalog-1-50.pdf
2025-09-29 11:39:19,760 - INFO - Начало обработки PDF: 50 страниц всего
2025-09-29 11:39:19,760 - INFO - Обработка страницы 0
2025-09-29 11:39:19,760 - INFO - Вызов analyzer.classify_with_minicpm для страницы 0
2025-09-29 11:39:19,760 - INFO - [MiniCPM] Классификация страницы 0 начата
2025-09-29 11:39:19,769 - INFO - [MiniCPM] Извлечён код=None, заголовок=None
2025-09-29 11:39:19,836 - INFO - [MiniCPM] Рендер страницы 0 для полного анализа
2025-09-29 11:39:24,964 - INFO - [MiniCPM] MiniCPM вернул: ignore
2025-09-29 11:39:24,964 - INFO - [MiniCPM] Финальный результат: page_type=ignore, code=None, title=None
2025-09-29 11:39:24,964 - INFO - Page 0: result from analyzer -> type=ignore, code=None, title=None
2025-09-29 11:39:24,964 - INFO - Page 0: ignored
2025-09-29 11:39:24,964 - INFO - Обработка страницы 1
2025-09-29 11:39:24,964 - INFO - Вызов analyzer.classify_with_minicpm для страницы 1
2025-09-29 11:39:24,964 - INFO - [MiniCPM] Классификация страницы 1 начата
2025-09-29 11:39:24,966 - INFO - [MiniCPM] Извлечён код=None, заголовок=None
2025-09-29 11:39:25,016 - INFO - [MiniCPM] Рендер страницы 1 для полного анализа
2025-09-29 11:39:25,639 - INFO - [MiniCPM] MiniCPM вернул: ignore
2025-09-29 11:39:25,639 - INFO - [MiniCPM] Финальный результат: page_type=ignore, code=None, title=None
2025-09-29 11:39:25,639 - INFO - Page 1: result from analyzer -> type=ignore, code=None, title=None
2025-09-29 11:39:25,639 - INFO - Page 1: ignored
2025-09-29 11:39:25,639 - INFO - Обработка страницы 2
2025-09-29 11:39:25,639 - INFO - Вызов analyzer.classify_with_minicpm для страницы 2
2025-09-29 11:39:25,639 - INFO - [MiniCPM] Классификация страницы 2 начата
2025-09-29 11:39:25,651 - INFO - [MiniCPM] Извлечён код=None, заголовок=None
2025-09-29 11:39:25,706 - INFO - [MiniCPM] Рендер страницы 2 для полного анализа
2025-09-29 11:39:26,318 - INFO - [MiniCPM] MiniCPM вернул: ignore
2025-09-29 11:39:26,319 - INFO - [MiniCPM] Финальный результат: page_type=ignore, code=None, title=None
2025-09-29 11:39:26,319 - INFO - Page 2: result from analyzer -> type=ignore, code=None, title=None
2025-09-29 11:39:26,319 - INFO - Page 2: ignored
2025-09-29 11:39:26,319 - INFO - Обработка страницы 3
2025-09-29 11:39:26,319 - INFO - Вызов analyzer.classify_with_minicpm для страницы 3
2025-09-29 11:39:26,319 - INFO - [MiniCPM] Классификация страницы 3 начата
2025-09-29 11:39:26,319 - INFO - [MiniCPM] Извлечён код=None, заголовок=None
2025-09-29 11:39:26,364 - INFO - [MiniCPM] Рендер страницы 3 для полного анализа
2025-09-29 11:39:26,944 - INFO - [MiniCPM] MiniCPM вернул: ignore
2025-09-29 11:39:26,945 - INFO - [MiniCPM] Финальный результат: page_type=ignore, code=None, title=None
2025-09-29 11:39:26,945 - INFO - Page 3: result from analyzer -> type=ignore, code=None, title=None
2025-09-29 11:39:26,945 - INFO - Page 3: ignored
2025-09-29 11:39:26,945 - INFO - Обработка страницы 4
2025-09-29 11:39:26,945 - INFO - Вызов analyzer.classify_with_minicpm для страницы 4
2025-09-29 11:39:26,945 - INFO - [MiniCPM] Классификация страницы 4 начата
2025-09-29 11:39:26,951 - INFO - [MiniCPM] Извлечён код=D00755910000010000Y, заголовок=1 RT100 Rough terrain crane
2025-09-29 11:39:27,622 - INFO - [MiniCPM] Регулярка нашла код, предварительный тип: drawing
2025-09-29 11:39:27,683 - INFO - [MiniCPM] Рендер страницы 4 в изображение завершён
2025-09-29 11:39:28,293 - INFO - [MiniCPM] MiniCPM вернул page_type=specification
2025-09-29 11:39:28,293 - INFO - Page 4: result from analyzer -> type=specification, code=D00755910000010000Y, title=1 RT100 Rough terrain crane
2025-09-29 11:39:28,293 - INFO - Действие: add_specification (specification)
2025-09-29 11:39:28,293 - INFO - Блок после add_specification: current_key=None, страницы=[]
2025-09-29 11:39:28,294 - INFO - Обработка страницы 5
2025-09-29 11:39:28,294 - INFO - Вызов analyzer.classify_with_minicpm для страницы 5
2025-09-29 11:39:28,294 - INFO - [MiniCPM] Классификация страницы 5 начата
2025-09-29 11:39:28,300 - INFO - [MiniCPM] Извлечён код=D00756307020000000Y, заголовок=1 Engine and transmission installation
2025-09-29 11:39:29,179 - INFO - [MiniCPM] Регулярка нашла код, предварительный тип: drawing
2025-09-29 11:39:29,241 - INFO - [MiniCPM] Рендер страницы 5 в изображение завершён
2025-09-29 11:39:29,853 - INFO - [MiniCPM] MiniCPM вернул page_type=specification
2025-09-29 11:39:29,853 - INFO - Page 5: result from analyzer -> type=specification, code=D00756307020000000Y, title=1 Engine and transmission installation
2025-09-29 11:39:29,853 - INFO - Действие: add_specification (specification)
2025-09-29 11:39:29,853 - INFO - Блок после add_specification: current_key=None, страницы=[]
2025-09-29 11:39:29,853 - INFO - Обработка страницы 6
2025-09-29 11:39:29,853 - INFO - Вызов analyzer.classify_with_minicpm для страницы 6
2025-09-29 11:39:29,853 - INFO - [MiniCPM] Классификация страницы 6 начата
2025-09-29 11:39:29,858 - INFO - [MiniCPM] Извлечён код=D00756304810400000Y, заголовок=2 Hydraulic oil tank installation
2025-09-29 11:39:30,566 - INFO - [MiniCPM] Регулярка нашла код, предварительный тип: drawing
2025-09-29 11:39:30,632 - INFO - [MiniCPM] Рендер страницы 6 в изображение завершён
2025-09-29 11:39:31,239 - INFO - [MiniCPM] MiniCPM вернул page_type=specification
2025-09-29 11:39:31,239 - INFO - Page 6: result from analyzer -> type=specification, code=D00756304810400000Y, title=2 Hydraulic oil tank installation
2025-09-29 11:39:31,239 - INFO - Действие: add_specification (specification)
2025-09-29 11:39:31,239 - INFO - Блок после add_specification: current_key=None, страницы=[]
2025-09-29 11:39:31,239 - INFO - Обработка страницы 7
2025-09-29 11:39:31,240 - INFO - Вызов analyzer.classify_with_minicpm для страницы 7
2025-09-29 11:39:31,240 - INFO - [MiniCPM] Классификация страницы 7 начата
2025-09-29 11:39:31,241 - INFO - [MiniCPM] Извлечён код=D00755705000000000Y, заголовок=6 Drivers cab assembly
2025-09-29 11:39:31,823 - INFO - [MiniCPM] Регулярка нашла код, предварительный тип: drawing
2025-09-29 11:39:31,872 - INFO - [MiniCPM] Рендер страницы 7 в изображение завершён
2025-09-29 11:39:32,489 - INFO - [MiniCPM] MiniCPM вернул page_type=specification
2025-09-29 11:39:32,489 - INFO - Page 7: result from analyzer -> type=specification, code=D00755705000000000Y, title=6 Drivers cab assembly
2025-09-29 11:39:32,489 - INFO - Действие: add_specification (specification)
2025-09-29 11:39:32,489 - INFO - Блок после add_specification: current_key=None, страницы=[]
2025-09-29 11:39:32,489 - INFO - Обработка страницы 8
2025-09-29 11:39:32,490 - INFO - Вызов analyzer.classify_with_minicpm для страницы 8
2025-09-29 11:39:32,490 - INFO - [MiniCPM] Классификация страницы 8 начата
2025-09-29 11:39:32,491 - INFO - [MiniCPM] Извлечён код=None, заголовок=None
2025-09-29 11:39:32,543 - INFO - [MiniCPM] Рендер страницы 8 для полного анализа
2025-09-29 11:39:33,125 - INFO - [MiniCPM] MiniCPM вернул: ignore
2025-09-29 11:39:33,125 - INFO - [MiniCPM] Финальный результат: page_type=ignore, code=None, title=None
2025-09-29 11:39:33,125 - INFO - Page 8: result from analyzer -> type=ignore, code=None, title=None
2025-09-29 11:39:33,125 - INFO - Page 8: ignored
2025-09-29 11:39:33,125 - INFO - Обработка страницы 9
2025-09-29 11:39:33,125 - INFO - Вызов analyzer.classify_with_minicpm для страницы 9
2025-09-29 11:39:33,126 - INFO - [MiniCPM] Классификация страницы 9 начата
2025-09-29 11:39:33,252 - INFO - [MiniCPM] Извлечён код=D00756300000000000Y, заголовок=SPARE PARTS CATALOG FOR ROUGH TERRAIN CRANE
RT100 ROUGH TERRAIN CRANE
2025-09-29 11:39:41,698 - INFO - [MiniCPM] Регулярка нашла код, предварительный тип: drawing
2025-09-29 11:39:42,028 - INFO - [MiniCPM] Рендер страницы 9 в изображение завершён
2025-09-29 11:39:42,685 - INFO - [MiniCPM] MiniCPM вернул page_type=drawing_specification
2025-09-29 11:39:42,685 - INFO - Page 9: result from analyzer -> type=drawing_specification, code=D00756300000000000Y, title=SPARE PARTS CATALOG FOR ROUGH TERRAIN CRANE
RT100 ROUGH TERRAIN CRANE
2025-09-29 11:39:42,685 - INFO - Действие: start_new_block
2025-09-29 11:39:42,685 - INFO - [Builder] Новый блок: D00756300000000000Y, страницы=[9]
2025-09-29 11:39:42,685 - INFO - Блок после start_new_block: current_key=D00756300000000000Y, страницы=[9]
2025-09-29 11:39:42,685 - INFO - Действие: add_specification (drawing_specification)
2025-09-29 11:39:42,827 - INFO - Блок после add_specification: current_key=D00756300000000000Y, страницы=[9]
2025-09-29 11:39:42,828 - INFO - Обработка страницы 10
2025-09-29 11:39:42,828 - INFO - Вызов analyzer.classify_with_minicpm для страницы 10
2025-09-29 11:39:42,828 - INFO - [MiniCPM] Классификация страницы 10 начата
2025-09-29 11:39:42,839 - INFO - [MiniCPM] Извлечён код=D00756300000000000Y, заголовок=SPARE PARTS CATALOG FOR ROUGH TERRAIN CRANE
RT100 ROUGH TERRAIN CRANE
2025-09-29 11:39:43,732 - INFO - [MiniCPM] Регулярка нашла код, предварительный тип: specification
2025-09-29 11:39:43,805 - INFO - [MiniCPM] Рендер страницы 10 в изображение завершён
2025-09-29 11:39:44,411 - INFO - [MiniCPM] MiniCPM вернул page_type=specification
2025-09-29 11:39:44,411 - INFO - Page 10: result from analyzer -> type=specification, code=D00756300000000000Y, title=SPARE PARTS CATALOG FOR ROUGH TERRAIN CRANE
RT100 ROUGH TERRAIN CRANE
2025-09-29 11:39:44,411 - INFO - Действие: add_specification (specification)
2025-09-29 11:39:44,421 - INFO - Блок после add_specification: current_key=D00756300000000000Y, страницы=[9, 10]
2025-09-29 11:39:44,421 - INFO - Обработка страницы 11
2025-09-29 11:39:44,421 - INFO - Вызов analyzer.classify_with_minicpm для страницы 11
2025-09-29 11:39:44,421 - INFO - [MiniCPM] Классификация страницы 11 начата
2025-09-29 11:39:44,515 - INFO - [MiniCPM] Извлечён код=D00756300000000000Y, заголовок=SPARE PARTS CATALOG FOR ROUGH TERRAIN CRANE
RT100 ROUGH TERRAIN CRANE
2025-09-29 11:39:52,955 - INFO - [MiniCPM] Регулярка нашла код, предварительный тип: drawing
2025-09-29 11:39:53,260 - INFO - [MiniCPM] Рендер страницы 11 в изображение завершён
2025-09-29 11:39:53,913 - INFO - [MiniCPM] MiniCPM вернул page_type=drawing_specification
2025-09-29 11:39:53,913 - INFO - Page 11: result from analyzer -> type=drawing_specification, code=D00756300000000000Y, title=SPARE PARTS CATALOG FOR ROUGH TERRAIN CRANE
RT100 ROUGH TERRAIN CRANE
2025-09-29 11:39:53,913 - INFO - Действие: start_new_block
2025-09-29 11:39:53,920 - INFO - Создан PDF: /root/Split_Pdf/for_test/rezult3/D00756300000000000Y.pdf
2025-09-29 11:39:53,921 - INFO - [Builder] Новый блок: SPARE PARTS CATALOG FOR ROUGH TERRAIN CRANE
RT100 ROUGH TERRAIN CRANE D00756300000000000Y, страницы=[11]
2025-09-29 11:39:53,921 - INFO - Блок после start_new_block: current_key=SPARE PARTS CATALOG FOR ROUGH TERRAIN CRANE
RT100 ROUGH TERRAIN CRANE D00756300000000000Y, страницы=[11]
2025-09-29 11:39:53,921 - INFO - Действие: add_specification (drawing_specification)
2025-09-29 11:39:53,921 - INFO - Блок после add_specification: current_key=SPARE PARTS CATALOG FOR ROUGH TERRAIN CRANE
RT100 ROUGH TERRAIN CRANE D00756300000000000Y, страницы=[11]
2025-09-29 11:39:53,921 - INFO - Обработка страницы 12
2025-09-29 11:39:53,921 - INFO - Вызов analyzer.classify_with_minicpm для страницы 12
2025-09-29 11:39:53,921 - INFO - [MiniCPM] Классификация страницы 12 начата
2025-09-29 11:39:53,928 - INFO - [MiniCPM] Извлечён код=D00756300000000000Y, заголовок=SPARE PARTS CATALOG FOR ROUGH TERRAIN CRANE
RT100 ROUGH TERRAIN CRANE
2025-09-29 11:39:55,028 - INFO - [MiniCPM] Регулярка нашла код, предварительный тип: specification
2025-09-29 11:39:55,099 - INFO - [MiniCPM] Рендер страницы 12 в изображение завершён
2025-09-29 11:39:55,734 - INFO - [MiniCPM] MiniCPM вернул page_type=specification
2025-09-29 11:39:55,735 - INFO - Page 12: result from analyzer -> type=specification, code=D00756300000000000Y, title=SPARE PARTS CATALOG FOR ROUGH TERRAIN CRANE
RT100 ROUGH TERRAIN CRANE
2025-09-29 11:39:55,735 - INFO - Действие: add_specification (specification)
2025-09-29 11:39:55,735 - INFO - Блок после add_specification: current_key=SPARE PARTS CATALOG FOR ROUGH TERRAIN CRANE
RT100 ROUGH TERRAIN CRANE D00756300000000000Y, страницы=[11, 12]
2025-09-29 11:39:55,735 - INFO - Обработка страницы 13
2025-09-29 11:39:55,735 - INFO - Вызов analyzer.classify_with_minicpm для страницы 13
2025-09-29 11:39:55,735 - INFO - [MiniCPM] Классификация страницы 13 начата
2025-09-29 11:39:55,736 - INFO - [MiniCPM] Извлечён код=None, заголовок=None
2025-09-29 11:39:55,781 - INFO - [MiniCPM] Рендер страницы 13 для полного анализа
2025-09-29 11:39:56,368 - INFO - [MiniCPM] MiniCPM вернул: ignore
2025-09-29 11:39:56,369 - INFO - [MiniCPM] Финальный результат: page_type=ignore, code=None, title=None
2025-09-29 11:39:56,369 - INFO - Page 13: result from analyzer -> type=ignore, code=None, title=None
2025-09-29 11:39:56,369 - INFO - Page 13: ignored
2025-09-29 11:39:56,369 - INFO - Обработка страницы 14
2025-09-29 11:39:56,369 - INFO - Вызов analyzer.classify_with_minicpm для страницы 14
2025-09-29 11:39:56,369 - INFO - [MiniCPM] Классификация страницы 14 начата
2025-09-29 11:39:56,370 - INFO - [MiniCPM] Извлечён код=None, заголовок=None
2025-09-29 11:39:56,422 - INFO - [MiniCPM] Рендер страницы 14 для полного анализа
2025-09-29 11:39:57,001 - INFO - [MiniCPM] MiniCPM вернул: ignore
2025-09-29 11:39:57,002 - INFO - [MiniCPM] Финальный результат: page_type=ignore, code=None, title=None
2025-09-29 11:39:57,002 - INFO - Page 14: result from analyzer -> type=ignore, code=None, title=None
2025-09-29 11:39:57,002 - INFO - Page 14: ignored
2025-09-29 11:39:57,002 - INFO - Обработка страницы 15
2025-09-29 11:39:57,002 - INFO - Вызов analyzer.classify_with_minicpm для страницы 15
2025-09-29 11:39:57,002 - INFO - [MiniCPM] Классификация страницы 15 начата
2025-09-29 11:39:57,020 - INFO - [MiniCPM] Извлечён код=D00756308500000000Y, заголовок=None
2025-09-29 11:39:58,018 - INFO - [MiniCPM] Регулярка нашла код, предварительный тип: drawing
2025-09-29 11:39:58,125 - INFO - [MiniCPM] Рендер страницы 15 в изображение завершён
2025-09-29 11:39:58,773 - INFO - [MiniCPM] MiniCPM вернул page_type=drawing_specification
2025-09-29 11:39:58,773 - INFO - Page 15: result from analyzer -> type=drawing_specification, code=D00756308500000000Y, title=None
2025-09-29 11:39:58,774 - INFO - Действие: start_new_block
2025-09-29 11:39:58,778 - INFO - Создан PDF: /root/Split_Pdf/for_test/rezult3/SPARE PARTS CATALOG FOR ROUGH TERRAIN CRANE
RT100 ROUGH TERRAIN CRANE D00756300000000000Y.pdf
2025-09-29 11:39:58,779 - INFO - [Builder] Новый блок: D00756308500000000Y, страницы=[15]
2025-09-29 11:39:58,779 - INFO - Блок после start_new_block: current_key=D00756308500000000Y, страницы=[15]
2025-09-29 11:39:58,779 - INFO - Действие: add_specification (drawing_specification)
2025-09-29 11:39:58,779 - INFO - Блок после add_specification: current_key=D00756308500000000Y, страницы=[15]
2025-09-29 11:39:58,779 - INFO - Обработка страницы 16
2025-09-29 11:39:58,779 - INFO - Вызов analyzer.classify_with_minicpm для страницы 16
2025-09-29 11:39:58,779 - INFO - [MiniCPM] Классификация страницы 16 начата
2025-09-29 11:39:58,786 - INFO - [MiniCPM] Извлечён код=D00756308500000000Y, заголовок=None
2025-09-29 11:39:59,510 - INFO - [MiniCPM] Регулярка нашла код, предварительный тип: specification
2025-09-29 11:39:59,573 - INFO - [MiniCPM] Рендер страницы 16 в изображение завершён
2025-09-29 11:40:00,179 - INFO - [MiniCPM] MiniCPM вернул page_type=specification
2025-09-29 11:40:00,179 - INFO - Page 16: result from analyzer -> type=specification, code=D00756308500000000Y, title=None
2025-09-29 11:40:00,179 - INFO - Действие: add_specification (specification)
2025-09-29 11:40:00,179 - INFO - Блок после add_specification: current_key=D00756308500000000Y, страницы=[15, 16]
2025-09-29 11:40:00,179 - INFO - Обработка страницы 17
2025-09-29 11:40:00,179 - INFO - Вызов analyzer.classify_with_minicpm для страницы 17
2025-09-29 11:40:00,179 - INFO - [MiniCPM] Классификация страницы 17 начата
2025-09-29 11:40:00,195 - INFO - [MiniCPM] Извлечён код=D00756308600000000Y, заголовок=None
2025-09-29 11:40:01,197 - INFO - [MiniCPM] Регулярка нашла код, предварительный тип: drawing
2025-09-29 11:40:01,296 - INFO - [MiniCPM] Рендер страницы 17 в изображение завершён
2025-09-29 11:40:01,939 - INFO - [MiniCPM] MiniCPM вернул page_type=drawing_specification
2025-09-29 11:40:01,940 - INFO - Page 17: result from analyzer -> type=drawing_specification, code=D00756308600000000Y, title=None
2025-09-29 11:40:01,940 - INFO - Действие: start_new_block
2025-09-29 11:40:01,943 - INFO - Создан PDF: /root/Split_Pdf/for_test/rezult3/D00756308500000000Y.pdf
2025-09-29 11:40:01,943 - INFO - [Builder] Новый блок: D00756308600000000Y, страницы=[17]
2025-09-29 11:40:01,943 - INFO - Блок после start_new_block: current_key=D00756308600000000Y, страницы=[17]
2025-09-29 11:40:01,943 - INFO - Действие: add_specification (drawing_specification)
2025-09-29 11:40:01,943 - INFO - Блок после add_specification: current_key=D00756308600000000Y, страницы=[17]
2025-09-29 11:40:01,943 - INFO - Обработка страницы 18
2025-09-29 11:40:01,943 - INFO - Вызов analyzer.classify_with_minicpm для страницы 18
2025-09-29 11:40:01,943 - INFO - [MiniCPM] Классификация страницы 18 начата
2025-09-29 11:40:01,949 - INFO - [MiniCPM] Извлечён код=D00756308600000000Y, заголовок=None
2025-09-29 11:40:02,951 - INFO - [MiniCPM] Регулярка нашла код, предварительный тип: specification
2025-09-29 11:40:03,023 - INFO - [MiniCPM] Рендер страницы 18 в изображение завершён
2025-09-29 11:40:03,648 - INFO - [MiniCPM] MiniCPM вернул page_type=specification
2025-09-29 11:40:03,649 - INFO - Page 18: result from analyzer -> type=specification, code=D00756308600000000Y, title=None
2025-09-29 11:40:03,649 - INFO - Действие: add_specification (specification)
2025-09-29 11:40:03,649 - INFO - Блок после add_specification: current_key=D00756308600000000Y, страницы=[17, 18]
2025-09-29 11:40:03,649 - INFO - Обработка страницы 19
2025-09-29 11:40:03,649 - INFO - Вызов analyzer.classify_with_minicpm для страницы 19
2025-09-29 11:40:03,649 - INFO - [MiniCPM] Классификация страницы 19 начата
2025-09-29 11:40:03,663 - INFO - [MiniCPM] Извлечён код=D00756308700000000Y, заголовок=None
2025-09-29 11:40:04,615 - INFO - [MiniCPM] Регулярка нашла код, предварительный тип: drawing
2025-09-29 11:40:04,718 - INFO - [MiniCPM] Рендер страницы 19 в изображение завершён
2025-09-29 11:40:05,956 - INFO - [MiniCPM] MiniCPM вернул page_type=drawing_specification
2025-09-29 11:40:05,956 - INFO - Page 19: result from analyzer -> type=drawing_specification, code=D00756308700000000Y, title=None
2025-09-29 11:40:05,956 - INFO - Действие: start_new_block
2025-09-29 11:40:05,960 - INFO - Создан PDF: /root/Split_Pdf/for_test/rezult3/D00756308600000000Y.pdf
2025-09-29 11:40:05,960 - INFO - [Builder] Новый блок: D00756308700000000Y, страницы=[19]
2025-09-29 11:40:05,960 - INFO - Блок после start_new_block: current_key=D00756308700000000Y, страницы=[19]
2025-09-29 11:40:05,960 - INFO - Действие: add_specification (drawing_specification)
2025-09-29 11:40:05,960 - INFO - Блок после add_specification: current_key=D00756308700000000Y, страницы=[19]
2025-09-29 11:40:05,960 - INFO - Обработка страницы 20
2025-09-29 11:40:05,960 - INFO - Вызов analyzer.classify_with_minicpm для страницы 20
2025-09-29 11:40:05,960 - INFO - [MiniCPM] Классификация страницы 20 начата
2025-09-29 11:40:05,966 - INFO - [MiniCPM] Извлечён код=D00756308700000000Y, заголовок=None
2025-09-29 11:40:06,758 - INFO - [MiniCPM] Регулярка нашла код, предварительный тип: specification
2025-09-29 11:40:06,826 - INFO - [MiniCPM] Рендер страницы 20 в изображение завершён
2025-09-29 11:40:07,534 - INFO - [MiniCPM] MiniCPM вернул page_type=specification
2025-09-29 11:40:07,535 - INFO - Page 20: result from analyzer -> type=specification, code=D00756308700000000Y, title=None
2025-09-29 11:40:07,535 - INFO - Действие: add_specification (specification)
2025-09-29 11:40:07,535 - INFO - Блок после add_specification: current_key=D00756308700000000Y, страницы=[19, 20]
2025-09-29 11:40:07,535 - INFO - Обработка страницы 21
2025-09-29 11:40:07,535 - INFO - Вызов analyzer.classify_with_minicpm для страницы 21
2025-09-29 11:40:07,535 - INFO - [MiniCPM] Классификация страницы 21 начата
2025-09-29 11:40:07,539 - INFO - [MiniCPM] Извлечён код=D00755908600400000Y, заголовок=None
2025-09-29 11:40:08,143 - INFO - [MiniCPM] Регулярка нашла код, предварительный тип: drawing
2025-09-29 11:40:08,212 - INFO - [MiniCPM] Рендер страницы 21 в изображение завершён
2025-09-29 11:40:09,052 - INFO - [MiniCPM] MiniCPM вернул page_type=drawing_specification
2025-09-29 11:40:09,052 - INFO - Page 21: result from analyzer -> type=drawing_specification, code=D00755908600400000Y, title=None
2025-09-29 11:40:09,052 - INFO - Действие: start_new_block
2025-09-29 11:40:09,056 - INFO - Создан PDF: /root/Split_Pdf/for_test/rezult3/D00756308700000000Y.pdf
2025-09-29 11:40:09,056 - INFO - [Builder] Новый блок: D00755908600400000Y, страницы=[21]
2025-09-29 11:40:09,056 - INFO - Блок после start_new_block: current_key=D00755908600400000Y, страницы=[21]
2025-09-29 11:40:09,056 - INFO - Действие: add_specification (drawing_specification)
2025-09-29 11:40:09,056 - INFO - Блок после add_specification: current_key=D00755908600400000Y, страницы=[21]
2025-09-29 11:40:09,056 - INFO - Обработка страницы 22
2025-09-29 11:40:09,056 - INFO - Вызов analyzer.classify_with_minicpm для страницы 22
2025-09-29 11:40:09,056 - INFO - [MiniCPM] Классификация страницы 22 начата
2025-09-29 11:40:09,059 - INFO - [MiniCPM] Извлечён код=D00755908600400000Y, заголовок=None
2025-09-29 11:40:09,622 - INFO - [MiniCPM] Регулярка нашла код, предварительный тип: specification
2025-09-29 11:40:09,676 - INFO - [MiniCPM] Рендер страницы 22 в изображение завершён
2025-09-29 11:40:10,469 - INFO - [MiniCPM] MiniCPM вернул page_type=specification
2025-09-29 11:40:10,469 - INFO - Page 22: result from analyzer -> type=specification, code=D00755908600400000Y, title=None
2025-09-29 11:40:10,469 - INFO - Действие: add_specification (specification)
2025-09-29 11:40:10,469 - INFO - Блок после add_specification: current_key=D00755908600400000Y, страницы=[21, 22]
2025-09-29 11:40:10,469 - INFO - Обработка страницы 23
2025-09-29 11:40:10,469 - INFO - Вызов analyzer.classify_with_minicpm для страницы 23
2025-09-29 11:40:10,469 - INFO - [MiniCPM] Классификация страницы 23 начата
2025-09-29 11:40:10,484 - INFO - [MiniCPM] Извлечён код=D00756308800000000Y, заголовок=None
2025-09-29 11:40:11,459 - INFO - [MiniCPM] Регулярка нашла код, предварительный тип: drawing
2025-09-29 11:40:11,561 - INFO - [MiniCPM] Рендер страницы 23 в изображение завершён
2025-09-29 11:40:12,540 - INFO - [MiniCPM] MiniCPM вернул page_type=drawing_specification
2025-09-29 11:40:12,540 - INFO - Page 23: result from analyzer -> type=drawing_specification, code=D00756308800000000Y, title=None
2025-09-29 11:40:12,540 - INFO - Действие: start_new_block
2025-09-29 11:40:12,543 - INFO - Создан PDF: /root/Split_Pdf/for_test/rezult3/D00755908600400000Y.pdf
2025-09-29 11:40:12,543 - INFO - [Builder] Новый блок: D00756308800000000Y, страницы=[23]
2025-09-29 11:40:12,543 - INFO - Блок после start_new_block: current_key=D00756308800000000Y, страницы=[23]
2025-09-29 11:40:12,543 - INFO - Действие: add_specification (drawing_specification)
2025-09-29 11:40:12,543 - INFO - Блок после add_specification: current_key=D00756308800000000Y, страницы=[23]
2025-09-29 11:40:12,543 - INFO - Обработка страницы 24
2025-09-29 11:40:12,543 - INFO - Вызов analyzer.classify_with_minicpm для страницы 24
2025-09-29 11:40:12,543 - INFO - [MiniCPM] Классификация страницы 24 начата
2025-09-29 11:40:12,551 - INFO - [MiniCPM] Извлечён код=D00756308800000000Y, заголовок=None
2025-09-29 11:40:13,634 - INFO - [MiniCPM] Регулярка нашла код, предварительный тип: specification
2025-09-29 11:40:13,711 - INFO - [MiniCPM] Рендер страницы 24 в изображение завершён
2025-09-29 11:40:14,683 - INFO - [MiniCPM] MiniCPM вернул page_type=specification
2025-09-29 11:40:14,683 - INFO - Page 24: result from analyzer -> type=specification, code=D00756308800000000Y, title=None
2025-09-29 11:40:14,683 - INFO - Действие: add_specification (specification)
2025-09-29 11:40:14,684 - INFO - Блок после add_specification: current_key=D00756308800000000Y, страницы=[23, 24]
2025-09-29 11:40:14,684 - INFO - Обработка страницы 25
2025-09-29 11:40:14,684 - INFO - Вызов analyzer.classify_with_minicpm для страницы 25
2025-09-29 11:40:14,684 - INFO - [MiniCPM] Классификация страницы 25 начата
2025-09-29 11:40:14,696 - INFO - [MiniCPM] Извлечён код=D00756308800000000Y, заголовок=None
2025-09-29 11:40:15,639 - INFO - [MiniCPM] Регулярка нашла код, предварительный тип: drawing
2025-09-29 11:40:15,744 - INFO - [MiniCPM] Рендер страницы 25 в изображение завершён
2025-09-29 11:40:16,494 - INFO - [MiniCPM] MiniCPM вернул page_type=drawing_specification
2025-09-29 11:40:16,494 - INFO - Page 25: result from analyzer -> type=drawing_specification, code=D00756308800000000Y, title=None
2025-09-29 11:40:16,494 - INFO - Действие: start_new_block
2025-09-29 11:40:16,494 - INFO - Блок после start_new_block: current_key=D00756308800000000Y, страницы=[23, 24, 25]
2025-09-29 11:40:16,495 - INFO - Действие: add_specification (drawing_specification)
2025-09-29 11:40:16,495 - INFO - Блок после add_specification: current_key=D00756308800000000Y, страницы=[23, 24, 25]
2025-09-29 11:40:16,495 - INFO - Обработка страницы 26
2025-09-29 11:40:16,495 - INFO - Вызов analyzer.classify_with_minicpm для страницы 26
2025-09-29 11:40:16,495 - INFO - [MiniCPM] Классификация страницы 26 начата
2025-09-29 11:40:16,498 - INFO - [MiniCPM] Извлечён код=D00756308800000000Y, заголовок=None
2025-09-29 11:40:17,096 - INFO - [MiniCPM] Регулярка нашла код, предварительный тип: specification
2025-09-29 11:40:17,152 - INFO - [MiniCPM] Рендер страницы 26 в изображение завершён
2025-09-29 11:40:17,887 - INFO - [MiniCPM] MiniCPM вернул page_type=specification
2025-09-29 11:40:17,887 - INFO - Page 26: result from analyzer -> type=specification, code=D00756308800000000Y, title=None
2025-09-29 11:40:17,887 - INFO - Действие: add_specification (specification)
2025-09-29 11:40:17,887 - INFO - Блок после add_specification: current_key=D00756308800000000Y, страницы=[23, 24, 25, 26]
2025-09-29 11:40:17,887 - INFO - Обработка страницы 27
2025-09-29 11:40:17,887 - INFO - Вызов analyzer.classify_with_minicpm для страницы 27
2025-09-29 11:40:17,887 - INFO - [MiniCPM] Классификация страницы 27 начата
2025-09-29 11:40:17,891 - INFO - [MiniCPM] Извлечён код=D00755908700400000Y, заголовок=None
2025-09-29 11:40:18,454 - INFO - [MiniCPM] Регулярка нашла код, предварительный тип: drawing
2025-09-29 11:40:18,517 - INFO - [MiniCPM] Рендер страницы 27 в изображение завершён
2025-09-29 11:40:19,517 - INFO - [MiniCPM] MiniCPM вернул page_type=drawing_specification
2025-09-29 11:40:19,517 - INFO - Page 27: result from analyzer -> type=drawing_specification, code=D00755908700400000Y, title=None
2025-09-29 11:40:19,517 - INFO - Действие: start_new_block
2025-09-29 11:40:19,522 - INFO - Создан PDF: /root/Split_Pdf/for_test/rezult3/D00756308800000000Y.pdf
2025-09-29 11:40:19,523 - INFO - [Builder] Новый блок: D00755908700400000Y, страницы=[27]
2025-09-29 11:40:19,523 - INFO - Блок после start_new_block: current_key=D00755908700400000Y, страницы=[27]
2025-09-29 11:40:19,523 - INFO - Действие: add_specification (drawing_specification)
2025-09-29 11:40:19,523 - INFO - Блок после add_specification: current_key=D00755908700400000Y, страницы=[27]
2025-09-29 11:40:19,523 - INFO - Обработка страницы 28
2025-09-29 11:40:19,523 - INFO - Вызов analyzer.classify_with_minicpm для страницы 28
2025-09-29 11:40:19,523 - INFO - [MiniCPM] Классификация страницы 28 начата
2025-09-29 11:40:19,526 - INFO - [MiniCPM] Извлечён код=D00755908700400000Y, заголовок=None
2025-09-29 11:40:20,102 - INFO - [MiniCPM] Регулярка нашла код, предварительный тип: specification
2025-09-29 11:40:20,157 - INFO - [MiniCPM] Рендер страницы 28 в изображение завершён
2025-09-29 11:40:21,107 - INFO - [MiniCPM] MiniCPM вернул page_type=specification
2025-09-29 11:40:21,107 - INFO - Page 28: result from analyzer -> type=specification, code=D00755908700400000Y, title=None
2025-09-29 11:40:21,107 - INFO - Действие: add_specification (specification)
2025-09-29 11:40:21,107 - INFO - Блок после add_specification: current_key=D00755908700400000Y, страницы=[27, 28]
2025-09-29 11:40:21,108 - INFO - Обработка страницы 29
2025-09-29 11:40:21,108 - INFO - Вызов analyzer.classify_with_minicpm для страницы 29
2025-09-29 11:40:21,108 - INFO - [MiniCPM] Классификация страницы 29 начата
2025-09-29 11:40:21,124 - INFO - [MiniCPM] Извлечён код=D00756308900000000ZY, заголовок=None
2025-09-29 11:40:22,406 - INFO - [MiniCPM] Регулярка нашла код, предварительный тип: drawing
2025-09-29 11:40:22,520 - INFO - [MiniCPM] Рендер страницы 29 в изображение завершён
2025-09-29 11:40:23,273 - INFO - [MiniCPM] MiniCPM вернул page_type=drawing_specification
2025-09-29 11:40:23,273 - INFO - Page 29: result from analyzer -> type=drawing_specification, code=D00756308900000000ZY, title=None
2025-09-29 11:40:23,273 - INFO - Действие: start_new_block
2025-09-29 11:40:23,282 - INFO - Создан PDF: /root/Split_Pdf/for_test/rezult3/D00755908700400000Y.pdf
2025-09-29 11:40:23,282 - INFO - [Builder] Новый блок: D00756308900000000ZY, страницы=[29]
2025-09-29 11:40:23,282 - INFO - Блок после start_new_block: current_key=D00756308900000000ZY, страницы=[29]
2025-09-29 11:40:23,282 - INFO - Действие: add_specification (drawing_specification)
2025-09-29 11:40:23,282 - INFO - Блок после add_specification: current_key=D00756308900000000ZY, страницы=[29]
2025-09-29 11:40:23,282 - INFO - Обработка страницы 30
2025-09-29 11:40:23,282 - INFO - Вызов analyzer.classify_with_minicpm для страницы 30
2025-09-29 11:40:23,282 - INFO - [MiniCPM] Классификация страницы 30 начата
2025-09-29 11:40:23,289 - INFO - [MiniCPM] Извлечён код=D00756308900000000ZY, заголовок=None
2025-09-29 11:40:24,134 - INFO - [MiniCPM] Регулярка нашла код, предварительный тип: specification
2025-09-29 11:40:24,204 - INFO - [MiniCPM] Рендер страницы 30 в изображение завершён
2025-09-29 11:40:24,981 - INFO - [MiniCPM] MiniCPM вернул page_type=specification
2025-09-29 11:40:24,981 - INFO - Page 30: result from analyzer -> type=specification, code=D00756308900000000ZY, title=None
2025-09-29 11:40:24,981 - INFO - Действие: add_specification (specification)
2025-09-29 11:40:24,981 - INFO - Блок после add_specification: current_key=D00756308900000000ZY, страницы=[29, 30]
2025-09-29 11:40:24,981 - INFO - Обработка страницы 31
2025-09-29 11:40:24,981 - INFO - Вызов analyzer.classify_with_minicpm для страницы 31
2025-09-29 11:40:24,981 - INFO - [MiniCPM] Классификация страницы 31 начата
2025-09-29 11:40:24,995 - INFO - [MiniCPM] Извлечён код=D00756308900000000ZY, заголовок=None
2025-09-29 11:40:26,022 - INFO - [MiniCPM] Регулярка нашла код, предварительный тип: drawing
2025-09-29 11:40:26,134 - INFO - [MiniCPM] Рендер страницы 31 в изображение завершён
2025-09-29 11:40:26,949 - INFO - [MiniCPM] MiniCPM вернул page_type=drawing_specification
2025-09-29 11:40:26,949 - INFO - Page 31: result from analyzer -> type=drawing_specification, code=D00756308900000000ZY, title=None
2025-09-29 11:40:26,949 - INFO - Действие: start_new_block
2025-09-29 11:40:26,949 - INFO - Блок после start_new_block: current_key=D00756308900000000ZY, страницы=[29, 30, 31]
2025-09-29 11:40:26,949 - INFO - Действие: add_specification (drawing_specification)
2025-09-29 11:40:26,949 - INFO - Блок после add_specification: current_key=D00756308900000000ZY, страницы=[29, 30, 31]
2025-09-29 11:40:26,949 - INFO - Обработка страницы 32
2025-09-29 11:40:26,949 - INFO - Вызов analyzer.classify_with_minicpm для страницы 32
2025-09-29 11:40:26,949 - INFO - [MiniCPM] Классификация страницы 32 начата
2025-09-29 11:40:26,951 - INFO - [MiniCPM] Извлечён код=D00756308900000000ZY, заголовок=None
2025-09-29 11:40:27,498 - INFO - [MiniCPM] Регулярка нашла код, предварительный тип: drawing
2025-09-29 11:40:27,550 - INFO - [MiniCPM] Рендер страницы 32 в изображение завершён
2025-09-29 11:40:28,541 - INFO - [MiniCPM] MiniCPM вернул page_type=specification
2025-09-29 11:40:28,542 - INFO - Page 32: result from analyzer -> type=specification, code=D00756308900000000ZY, title=None
2025-09-29 11:40:28,542 - INFO - Действие: add_specification (specification)
2025-09-29 11:40:28,542 - INFO - Блок после add_specification: current_key=D00756308900000000ZY, страницы=[29, 30, 31, 32]
2025-09-29 11:40:28,542 - INFO - Обработка страницы 33
2025-09-29 11:40:28,542 - INFO - Вызов analyzer.classify_with_minicpm для страницы 33
2025-09-29 11:40:28,542 - INFO - [MiniCPM] Классификация страницы 33 начата
2025-09-29 11:40:28,547 - INFO - [MiniCPM] Извлечён код=D00756308900600000Y, заголовок=None
2025-09-29 11:40:29,189 - INFO - [MiniCPM] Регулярка нашла код, предварительный тип: drawing
2025-09-29 11:40:29,256 - INFO - [MiniCPM] Рендер страницы 33 в изображение завершён
2025-09-29 11:40:30,231 - INFO - [MiniCPM] MiniCPM вернул page_type=drawing_specification
2025-09-29 11:40:30,232 - INFO - Page 33: result from analyzer -> type=drawing_specification, code=D00756308900600000Y, title=None
2025-09-29 11:40:30,232 - INFO - Действие: start_new_block
2025-09-29 11:40:30,237 - INFO - Создан PDF: /root/Split_Pdf/for_test/rezult3/D00756308900000000ZY.pdf
2025-09-29 11:40:30,237 - INFO - [Builder] Новый блок: D00756308900600000Y, страницы=[33]
2025-09-29 11:40:30,237 - INFO - Блок после start_new_block: current_key=D00756308900600000Y, страницы=[33]
2025-09-29 11:40:30,238 - INFO - Действие: add_specification (drawing_specification)
2025-09-29 11:40:30,238 - INFO - Блок после add_specification: current_key=D00756308900600000Y, страницы=[33]
2025-09-29 11:40:30,238 - INFO - Обработка страницы 34
2025-09-29 11:40:30,238 - INFO - Вызов analyzer.classify_with_minicpm для страницы 34
2025-09-29 11:40:30,238 - INFO - [MiniCPM] Классификация страницы 34 начата
2025-09-29 11:40:30,240 - INFO - [MiniCPM] Извлечён код=D00756308900600000Y, заголовок=None
2025-09-29 11:40:30,838 - INFO - [MiniCPM] Регулярка нашла код, предварительный тип: specification
2025-09-29 11:40:30,892 - INFO - [MiniCPM] Рендер страницы 34 в изображение завершён
2025-09-29 11:40:31,841 - INFO - [MiniCPM] MiniCPM вернул page_type=specification
2025-09-29 11:40:31,841 - INFO - Page 34: result from analyzer -> type=specification, code=D00756308900600000Y, title=None
2025-09-29 11:40:31,841 - INFO - Действие: add_specification (specification)
2025-09-29 11:40:31,841 - INFO - Блок после add_specification: current_key=D00756308900600000Y, страницы=[33, 34]
2025-09-29 11:40:31,841 - INFO - Обработка страницы 35
2025-09-29 11:40:31,841 - INFO - Вызов analyzer.classify_with_minicpm для страницы 35
2025-09-29 11:40:31,841 - INFO - [MiniCPM] Классификация страницы 35 начата
2025-09-29 11:40:31,846 - INFO - [MiniCPM] Извлечён код=D00756301200000000Y, заголовок=SPARE PARTS CATALOG FOR ROUGH TERRAIN CRANE

ROOSTER SHEAVE
2025-09-29 11:40:32,808 - INFO - [MiniCPM] Регулярка нашла код, предварительный тип: drawing
2025-09-29 11:40:32,882 - INFO - [MiniCPM] Рендер страницы 35 в изображение завершён
2025-09-29 11:40:33,868 - INFO - [MiniCPM] MiniCPM вернул page_type=drawing_specification
2025-09-29 11:40:33,868 - INFO - Page 35: result from analyzer -> type=drawing_specification, code=D00756301200000000Y, title=SPARE PARTS CATALOG FOR ROUGH TERRAIN CRANE

ROOSTER SHEAVE
2025-09-29 11:40:33,868 - INFO - Действие: start_new_block
2025-09-29 11:40:33,871 - INFO - Создан PDF: /root/Split_Pdf/for_test/rezult3/D00756308900600000Y.pdf
2025-09-29 11:40:33,871 - INFO - [Builder] Новый блок: D00756301200000000Y, страницы=[35]
2025-09-29 11:40:33,871 - INFO - Блок после start_new_block: current_key=D00756301200000000Y, страницы=[35]
2025-09-29 11:40:33,871 - INFO - Действие: add_specification (drawing_specification)
2025-09-29 11:40:33,875 - INFO - Блок после add_specification: current_key=D00756301200000000Y, страницы=[35]
2025-09-29 11:40:33,876 - INFO - Обработка страницы 36
2025-09-29 11:40:33,876 - INFO - Вызов analyzer.classify_with_minicpm для страницы 36
2025-09-29 11:40:33,876 - INFO - [MiniCPM] Классификация страницы 36 начата
2025-09-29 11:40:33,878 - INFO - [MiniCPM] Извлечён код=D00756301200000000Y, заголовок=SPARE PARTS CATALOG FOR ROUGH TERRAIN CRANE

ROOSTER SHEAVE
2025-09-29 11:40:34,533 - INFO - [MiniCPM] Регулярка нашла код, предварительный тип: specification
2025-09-29 11:40:34,596 - INFO - [MiniCPM] Рендер страницы 36 в изображение завершён
2025-09-29 11:40:35,389 - INFO - [MiniCPM] MiniCPM вернул page_type=specification
2025-09-29 11:40:35,389 - INFO - Page 36: result from analyzer -> type=specification, code=D00756301200000000Y, title=SPARE PARTS CATALOG FOR ROUGH TERRAIN CRANE

ROOSTER SHEAVE
2025-09-29 11:40:35,389 - INFO - Действие: add_specification (specification)
2025-09-29 11:40:35,394 - INFO - Блок после add_specification: current_key=D00756301200000000Y, страницы=[35, 36]
2025-09-29 11:40:35,394 - INFO - Обработка страницы 37
2025-09-29 11:40:35,394 - INFO - Вызов analyzer.classify_with_minicpm для страницы 37
2025-09-29 11:40:35,394 - INFO - [MiniCPM] Классификация страницы 37 начата
2025-09-29 11:40:35,399 - INFO - [MiniCPM] Извлечён код=D00756308900600000Y, заголовок=None
2025-09-29 11:40:36,076 - INFO - [MiniCPM] Регулярка нашла код, предварительный тип: drawing
2025-09-29 11:40:36,144 - INFO - [MiniCPM] Рендер страницы 37 в изображение завершён
2025-09-29 11:40:37,015 - INFO - [MiniCPM] MiniCPM вернул page_type=drawing_specification
2025-09-29 11:40:37,015 - INFO - Page 37: result from analyzer -> type=drawing_specification, code=D00756308900600000Y, title=None
2025-09-29 11:40:37,015 - INFO - Действие: start_new_block
2025-09-29 11:40:37,019 - INFO - Создан PDF: /root/Split_Pdf/for_test/rezult3/D00756301200000000Y.pdf
2025-09-29 11:40:37,019 - INFO - [Builder] Новый блок: D00756308900600000Y, страницы=[37]
2025-09-29 11:40:37,019 - INFO - Блок после start_new_block: current_key=D00756308900600000Y, страницы=[37]
2025-09-29 11:40:37,019 - INFO - Действие: add_specification (drawing_specification)
2025-09-29 11:40:37,019 - INFO - Блок после add_specification: current_key=D00756308900600000Y, страницы=[37]
2025-09-29 11:40:37,019 - INFO - Обработка страницы 38
2025-09-29 11:40:37,019 - INFO - Вызов analyzer.classify_with_minicpm для страницы 38
2025-09-29 11:40:37,019 - INFO - [MiniCPM] Классификация страницы 38 начата
2025-09-29 11:40:37,022 - INFO - [MiniCPM] Извлечён код=D00756308900600000Y, заголовок=None
2025-09-29 11:40:37,589 - INFO - [MiniCPM] Регулярка нашла код, предварительный тип: specification
2025-09-29 11:40:37,644 - INFO - [MiniCPM] Рендер страницы 38 в изображение завершён
2025-09-29 11:40:38,597 - INFO - [MiniCPM] MiniCPM вернул page_type=specification
2025-09-29 11:40:38,597 - INFO - Page 38: result from analyzer -> type=specification, code=D00756308900600000Y, title=None
2025-09-29 11:40:38,597 - INFO - Действие: add_specification (specification)
2025-09-29 11:40:38,597 - INFO - Блок после add_specification: current_key=D00756308900600000Y, страницы=[37, 38]
2025-09-29 11:40:38,597 - INFO - Обработка страницы 39
2025-09-29 11:40:38,597 - INFO - Вызов analyzer.classify_with_minicpm для страницы 39
2025-09-29 11:40:38,597 - INFO - [MiniCPM] Классификация страницы 39 начата
2025-09-29 11:40:38,603 - INFO - [MiniCPM] Извлечён код=D00756304700800000Y, заголовок=SPARE PARTS CATALOG FOR ROUGH TERRAIN CRANE

ROOSTER SHEAVE INSTALLATION
2025-09-29 11:40:39,312 - INFO - [MiniCPM] Регулярка нашла код, предварительный тип: drawing
2025-09-29 11:40:39,389 - INFO - [MiniCPM] Рендер страницы 39 в изображение завершён
2025-09-29 11:40:40,378 - INFO - [MiniCPM] MiniCPM вернул page_type=drawing_specification
2025-09-29 11:40:40,378 - INFO - Page 39: result from analyzer -> type=drawing_specification, code=D00756304700800000Y, title=SPARE PARTS CATALOG FOR ROUGH TERRAIN CRANE

ROOSTER SHEAVE INSTALLATION
2025-09-29 11:40:40,378 - INFO - Действие: start_new_block
2025-09-29 11:40:40,381 - INFO - Создан PDF: /root/Split_Pdf/for_test/rezult3/D00756308900600000Y.pdf
2025-09-29 11:40:40,382 - INFO - [Builder] Новый блок: D00756304700800000Y, страницы=[39]
2025-09-29 11:40:40,382 - INFO - Блок после start_new_block: current_key=D00756304700800000Y, страницы=[39]
2025-09-29 11:40:40,382 - INFO - Действие: add_specification (drawing_specification)
2025-09-29 11:40:40,387 - INFO - Блок после add_specification: current_key=D00756304700800000Y, страницы=[39]
2025-09-29 11:40:40,388 - INFO - Обработка страницы 40
2025-09-29 11:40:40,388 - INFO - Вызов analyzer.classify_with_minicpm для страницы 40
2025-09-29 11:40:40,388 - INFO - [MiniCPM] Классификация страницы 40 начата
2025-09-29 11:40:40,390 - INFO - [MiniCPM] Извлечён код=D00756304700800000Y, заголовок=SPARE PARTS CATALOG FOR ROUGH TERRAIN CRANE

ROOSTER SHEAVE INSTALLATION
2025-09-29 11:40:40,953 - INFO - [MiniCPM] Регулярка нашла код, предварительный тип: specification
2025-09-29 11:40:41,006 - INFO - [MiniCPM] Рендер страницы 40 в изображение завершён
2025-09-29 11:40:41,937 - INFO - [MiniCPM] MiniCPM вернул page_type=specification
2025-09-29 11:40:41,937 - INFO - Page 40: result from analyzer -> type=specification, code=D00756304700800000Y, title=SPARE PARTS CATALOG FOR ROUGH TERRAIN CRANE

ROOSTER SHEAVE INSTALLATION
2025-09-29 11:40:41,937 - INFO - Действие: add_specification (specification)
2025-09-29 11:40:41,940 - INFO - Блок после add_specification: current_key=D00756304700800000Y, страницы=[39, 40]
2025-09-29 11:40:41,940 - INFO - Обработка страницы 41
2025-09-29 11:40:41,940 - INFO - Вызов analyzer.classify_with_minicpm для страницы 41
2025-09-29 11:40:41,940 - INFO - [MiniCPM] Классификация страницы 41 начата
2025-09-29 11:40:41,978 - INFO - [MiniCPM] Извлечён код=D00756300100000000Y, заголовок=None
2025-09-29 11:40:43,873 - INFO - [MiniCPM] Регулярка нашла код, предварительный тип: drawing
2025-09-29 11:40:44,037 - INFO - [MiniCPM] Рендер страницы 41 в изображение завершён
2025-09-29 11:40:44,935 - INFO - [MiniCPM] MiniCPM вернул page_type=drawing_specification
2025-09-29 11:40:44,935 - INFO - Page 41: result from analyzer -> type=drawing_specification, code=D00756300100000000Y, title=None
2025-09-29 11:40:44,935 - INFO - Действие: start_new_block
2025-09-29 11:40:44,938 - INFO - Создан PDF: /root/Split_Pdf/for_test/rezult3/D00756304700800000Y.pdf
2025-09-29 11:40:44,938 - INFO - [Builder] Новый блок: D00756300100000000Y, страницы=[41]
2025-09-29 11:40:44,938 - INFO - Блок после start_new_block: current_key=D00756300100000000Y, страницы=[41]
2025-09-29 11:40:44,938 - INFO - Действие: add_specification (drawing_specification)
2025-09-29 11:40:44,938 - INFO - Блок после add_specification: current_key=D00756300100000000Y, страницы=[41]
2025-09-29 11:40:44,938 - INFO - Обработка страницы 42
2025-09-29 11:40:44,938 - INFO - Вызов analyzer.classify_with_minicpm для страницы 42
2025-09-29 11:40:44,938 - INFO - [MiniCPM] Классификация страницы 42 начата
2025-09-29 11:40:44,945 - INFO - [MiniCPM] Извлечён код=D00756300100000000Y, заголовок=None
2025-09-29 11:40:45,811 - INFO - [MiniCPM] Регулярка нашла код, предварительный тип: specification
2025-09-29 11:40:45,880 - INFO - [MiniCPM] Рендер страницы 42 в изображение завершён
2025-09-29 11:40:46,854 - INFO - [MiniCPM] MiniCPM вернул page_type=specification
2025-09-29 11:40:46,854 - INFO - Page 42: result from analyzer -> type=specification, code=D00756300100000000Y, title=None
2025-09-29 11:40:46,854 - INFO - Действие: add_specification (specification)
2025-09-29 11:40:46,854 - INFO - Блок после add_specification: current_key=D00756300100000000Y, страницы=[41, 42]
2025-09-29 11:40:46,854 - INFO - Обработка страницы 43
2025-09-29 11:40:46,854 - INFO - Вызов analyzer.classify_with_minicpm для страницы 43
2025-09-29 11:40:46,854 - INFO - [MiniCPM] Классификация страницы 43 начата
2025-09-29 11:40:46,892 - INFO - [MiniCPM] Извлечён код=D00756300100000000Y, заголовок=None
2025-09-29 11:40:48,796 - INFO - [MiniCPM] Регулярка нашла код, предварительный тип: drawing
2025-09-29 11:40:48,960 - INFO - [MiniCPM] Рендер страницы 43 в изображение завершён
2025-09-29 11:40:49,998 - INFO - [MiniCPM] MiniCPM вернул page_type=drawing_specification
2025-09-29 11:40:49,998 - INFO - Page 43: result from analyzer -> type=drawing_specification, code=D00756300100000000Y, title=None
2025-09-29 11:40:49,998 - INFO - Действие: start_new_block
2025-09-29 11:40:49,998 - INFO - Блок после start_new_block: current_key=D00756300100000000Y, страницы=[41, 42, 43]
2025-09-29 11:40:49,998 - INFO - Действие: add_specification (drawing_specification)
2025-09-29 11:40:49,999 - INFO - Блок после add_specification: current_key=D00756300100000000Y, страницы=[41, 42, 43]
2025-09-29 11:40:49,999 - INFO - Обработка страницы 44
2025-09-29 11:40:49,999 - INFO - Вызов analyzer.classify_with_minicpm для страницы 44
2025-09-29 11:40:49,999 - INFO - [MiniCPM] Классификация страницы 44 начата
2025-09-29 11:40:50,002 - INFO - [MiniCPM] Извлечён код=D00756300100000000Y, заголовок=None
2025-09-29 11:40:50,612 - INFO - [MiniCPM] Регулярка нашла код, предварительный тип: specification
2025-09-29 11:40:50,670 - INFO - [MiniCPM] Рендер страницы 44 в изображение завершён
2025-09-29 11:40:51,616 - INFO - [MiniCPM] MiniCPM вернул page_type=specification
2025-09-29 11:40:51,616 - INFO - Page 44: result from analyzer -> type=specification, code=D00756300100000000Y, title=None
2025-09-29 11:40:51,616 - INFO - Действие: add_specification (specification)
2025-09-29 11:40:51,616 - INFO - Блок после add_specification: current_key=D00756300100000000Y, страницы=[41, 42, 43, 44]
2025-09-29 11:40:51,616 - INFO - Обработка страницы 45
2025-09-29 11:40:51,616 - INFO - Вызов analyzer.classify_with_minicpm для страницы 45
2025-09-29 11:40:51,616 - INFO - [MiniCPM] Классификация страницы 45 начата
2025-09-29 11:40:51,621 - INFO - [MiniCPM] Извлечён код=D00756300100600000Y, заголовок=None
2025-09-29 11:40:52,223 - INFO - [MiniCPM] Регулярка нашла код, предварительный тип: drawing
2025-09-29 11:40:52,281 - INFO - [MiniCPM] Рендер страницы 45 в изображение завершён
2025-09-29 11:40:53,178 - INFO - [MiniCPM] MiniCPM вернул page_type=drawing_specification
2025-09-29 11:40:53,178 - INFO - Page 45: result from analyzer -> type=drawing_specification, code=D00756300100600000Y, title=None
2025-09-29 11:40:53,178 - INFO - Действие: start_new_block
2025-09-29 11:40:53,183 - INFO - Создан PDF: /root/Split_Pdf/for_test/rezult3/D00756300100000000Y.pdf
2025-09-29 11:40:53,184 - INFO - [Builder] Новый блок: D00756300100600000Y, страницы=[45]
2025-09-29 11:40:53,184 - INFO - Блок после start_new_block: current_key=D00756300100600000Y, страницы=[45]
2025-09-29 11:40:53,184 - INFO - Действие: add_specification (drawing_specification)
2025-09-29 11:40:53,184 - INFO - Блок после add_specification: current_key=D00756300100600000Y, страницы=[45]
2025-09-29 11:40:53,184 - INFO - Обработка страницы 46
2025-09-29 11:40:53,184 - INFO - Вызов analyzer.classify_with_minicpm для страницы 46
2025-09-29 11:40:53,184 - INFO - [MiniCPM] Классификация страницы 46 начата
2025-09-29 11:40:53,187 - INFO - [MiniCPM] Извлечён код=D00756300100600000Y, заголовок=None
2025-09-29 11:40:53,766 - INFO - [MiniCPM] Регулярка нашла код, предварительный тип: specification
2025-09-29 11:40:53,824 - INFO - [MiniCPM] Рендер страницы 46 в изображение завершён
2025-09-29 11:40:54,602 - INFO - [MiniCPM] MiniCPM вернул page_type=specification
2025-09-29 11:40:54,602 - INFO - Page 46: result from analyzer -> type=specification, code=D00756300100600000Y, title=None
2025-09-29 11:40:54,602 - INFO - Действие: add_specification (specification)
2025-09-29 11:40:54,602 - INFO - Блок после add_specification: current_key=D00756300100600000Y, страницы=[45, 46]
2025-09-29 11:40:54,602 - INFO - Обработка страницы 47
2025-09-29 11:40:54,602 - INFO - Вызов analyzer.classify_with_minicpm для страницы 47
2025-09-29 11:40:54,602 - INFO - [MiniCPM] Классификация страницы 47 начата
2025-09-29 11:40:54,613 - INFO - [MiniCPM] Извлечён код=D00756304700200001Y, заголовок=SPARE PARTS CATALOG FOR ROUGH TERRAIN CRANE

MAIN BOOM INSTALLATION
2025-09-29 11:40:55,428 - INFO - [MiniCPM] Регулярка нашла код, предварительный тип: drawing
2025-09-29 11:40:55,523 - INFO - [MiniCPM] Рендер страницы 47 в изображение завершён
2025-09-29 11:40:56,428 - INFO - [MiniCPM] MiniCPM вернул page_type=drawing_specification
2025-09-29 11:40:56,428 - INFO - Page 47: result from analyzer -> type=drawing_specification, code=D00756304700200001Y, title=SPARE PARTS CATALOG FOR ROUGH TERRAIN CRANE

MAIN BOOM INSTALLATION
2025-09-29 11:40:56,428 - INFO - Действие: start_new_block
2025-09-29 11:40:56,432 - INFO - Создан PDF: /root/Split_Pdf/for_test/rezult3/D00756300100600000Y.pdf
2025-09-29 11:40:56,432 - INFO - [Builder] Новый блок: D00756304700200001Y, страницы=[47]
2025-09-29 11:40:56,432 - INFO - Блок после start_new_block: current_key=D00756304700200001Y, страницы=[47]
2025-09-29 11:40:56,432 - INFO - Действие: add_specification (drawing_specification)
2025-09-29 11:40:56,445 - INFO - Блок после add_specification: current_key=D00756304700200001Y, страницы=[47]
2025-09-29 11:40:56,445 - INFO - Обработка страницы 48
2025-09-29 11:40:56,445 - INFO - Вызов analyzer.classify_with_minicpm для страницы 48
2025-09-29 11:40:56,445 - INFO - [MiniCPM] Классификация страницы 48 начата
2025-09-29 11:40:56,447 - INFO - [MiniCPM] Извлечён код=D00756304700200001Y, заголовок=SPARE PARTS CATALOG FOR ROUGH TERRAIN CRANE

MAIN BOOM INSTALLATION
2025-09-29 11:40:57,040 - INFO - [MiniCPM] Регулярка нашла код, предварительный тип: specification
2025-09-29 11:40:57,098 - INFO - [MiniCPM] Рендер страницы 48 в изображение завершён
2025-09-29 11:40:57,969 - INFO - [MiniCPM] MiniCPM вернул page_type=specification
2025-09-29 11:40:57,969 - INFO - Page 48: result from analyzer -> type=specification, code=D00756304700200001Y, title=SPARE PARTS CATALOG FOR ROUGH TERRAIN CRANE

MAIN BOOM INSTALLATION
2025-09-29 11:40:57,969 - INFO - Действие: add_specification (specification)
2025-09-29 11:40:57,973 - INFO - Блок после add_specification: current_key=D00756304700200001Y, страницы=[47, 48]
2025-09-29 11:40:57,973 - INFO - Обработка страницы 49
2025-09-29 11:40:57,973 - INFO - Вызов analyzer.classify_with_minicpm для страницы 49
2025-09-29 11:40:57,973 - INFO - [MiniCPM] Классификация страницы 49 начата
2025-09-29 11:40:58,001 - INFO - [MiniCPM] Извлечён код=D00756300200000000Y, заголовок=SPARE PARTS CATALOG FOR ROUGH TERRAIN CRANE

JIB
2025-09-29 11:40:59,680 - INFO - [MiniCPM] Регулярка нашла код, предварительный тип: drawing
2025-09-29 11:40:59,818 - INFO - [MiniCPM] Рендер страницы 49 в изображение завершён
2025-09-29 11:41:00,854 - INFO - [MiniCPM] MiniCPM вернул page_type=drawing_specification
2025-09-29 11:41:00,854 - INFO - Page 49: result from analyzer -> type=drawing_specification, code=D00756300200000000Y, title=SPARE PARTS CATALOG FOR ROUGH TERRAIN CRANE

JIB
2025-09-29 11:41:00,854 - INFO - Действие: start_new_block
2025-09-29 11:41:00,858 - INFO - Создан PDF: /root/Split_Pdf/for_test/rezult3/D00756304700200001Y.pdf
2025-09-29 11:41:00,858 - INFO - [Builder] Новый блок: D00756300200000000Y, страницы=[49]
2025-09-29 11:41:00,858 - INFO - Блок после start_new_block: current_key=D00756300200000000Y, страницы=[49]
2025-09-29 11:41:00,858 - INFO - Действие: add_specification (drawing_specification)
2025-09-29 11:41:00,898 - INFO - Блок после add_specification: current_key=D00756300200000000Y, страницы=[49]
2025-09-29 11:41:00,900 - INFO - Создан PDF: /root/Split_Pdf/for_test/rezult3/D00756300200000000Y.pdf
2025-09-29 11:41:00,900 - INFO - [Builder] Отброшены несопоставленные спецификации: ['D00755910000010000Y', 'D00756307020000000Y', 'D00756304810400000Y', 'D00755705000000000Y']
2025-09-29 11:41:00,900 - INFO - Финализация блоков, всего сгенерировано 17 файлов
2025-09-29 11:41:00,900 - INFO - Сгенерированные файлы: ['/root/Split_Pdf/for_test/rezult3/D00756300000000000Y.pdf', '/root/Split_Pdf/for_test/rezult3/SPARE PARTS CATALOG FOR ROUGH TERRAIN CRANE\nRT100 ROUGH TERRAIN CRANE D00756300000000000Y.pdf', '/root/Split_Pdf/for_test/rezult3/D00756308500000000Y.pdf', '/root/Split_Pdf/for_test/rezult3/D00756308600000000Y.pdf', '/root/Split_Pdf/for_test/rezult3/D00756308700000000Y.pdf', '/root/Split_Pdf/for_test/rezult3/D00755908600400000Y.pdf', '/root/Split_Pdf/for_test/rezult3/D00756308800000000Y.pdf', '/root/Split_Pdf/for_test/rezult3/D00755908700400000Y.pdf', '/root/Split_Pdf/for_test/rezult3/D00756308900000000ZY.pdf', '/root/Split_Pdf/for_test/rezult3/D00756308900600000Y.pdf', '/root/Split_Pdf/for_test/rezult3/D00756301200000000Y.pdf', '/root/Split_Pdf/for_test/rezult3/D00756308900600000Y.pdf', '/root/Split_Pdf/for_test/rezult3/D00756304700800000Y.pdf', '/root/Split_Pdf/for_test/rezult3/D00756300100000000Y.pdf', '/root/Split_Pdf/for_test/rezult3/D00756300100600000Y.pdf', '/root/Split_Pdf/for_test/rezult3/D00756304700200001Y.pdf', '/root/Split_Pdf/for_test/rezult3/D00756300200000000Y.pdf']
2025-09-29 11:41:00,900 - INFO - Сгенерированные файлы: ['/root/Split_Pdf/for_test/rezult3/D00756300000000000Y.pdf', '/root/Split_Pdf/for_test/rezult3/SPARE PARTS CATALOG FOR ROUGH TERRAIN CRANE\nRT100 ROUGH TERRAIN CRANE D00756300000000000Y.pdf', '/root/Split_Pdf/for_test/rezult3/D00756308500000000Y.pdf', '/root/Split_Pdf/for_test/rezult3/D00756308600000000Y.pdf', '/root/Split_Pdf/for_test/rezult3/D00756308700000000Y.pdf', '/root/Split_Pdf/for_test/rezult3/D00755908600400000Y.pdf', '/root/Split_Pdf/for_test/rezult3/D00756308800000000Y.pdf', '/root/Split_Pdf/for_test/rezult3/D00755908700400000Y.pdf', '/root/Split_Pdf/for_test/rezult3/D00756308900000000ZY.pdf', '/root/Split_Pdf/for_test/rezult3/D00756308900600000Y.pdf', '/root/Split_Pdf/for_test/rezult3/D00756301200000000Y.pdf', '/root/Split_Pdf/for_test/rezult3/D00756308900600000Y.pdf', '/root/Split_Pdf/for_test/rezult3/D00756304700800000Y.pdf', '/root/Split_Pdf/for_test/rezult3/D00756300100000000Y.pdf', '/root/Split_Pdf/for_test/rezult3/D00756300100600000Y.pdf', '/root/Split_Pdf/for_test/rezult3/D00756304700200001Y.pdf', '/root/Split_Pdf/for_test/rezult3/D00756300200000000Y.pdf']
2025-09-29 11:41:00,906 - INFO - Ресурсы PdfCatalogSplitter закрыты
